Workbook

Sheet Diccionario Nombre científicos
A1: Asignado a | B1: Contrato de Origen | C1: Item | D1: Nombre Científico corregido | E1: Nombre común | F1: Familia | G1: _# Emparejamiento | H1: _# de familia | I1: Nombre científico sin # | J1: Nombre Científico con # | K1: Nombre común sin # | L1: Nombre común con # | M1: Origen | N1: ¿Hay reportes en Colombia? | O1: Hábito | P1: Género sin # | Q1: Altura en desarrollo pleno (m) | R1: Fuente (altura) | S1: Diametro en desarrollo pleno (cm) | T1: Fuente | U1: Tasa de crecimiento (Rápida, Media, Lenta- No encontrada) | V1: Densidad promedio de la madera ( o no encontrada) (g/cm3) | W1: Tamaño de los frutos (mm) | X1: Observaciones
A2: Leiner Victoria | B2: Todos | C2: 0 | D2: Indeterminado | E2: Indeterminado | F2: Indeterminado | G2: 0 | H2: 0 | I2: =D2 -> Indeterminado | J2: 00 Indeterminado | K2: Indeterminado | L2: 00 Indeterminado | M2: Indeterminado | N2: No | O2: Indeterminado | P2: Indeterminado | Q2: 0 | R2: Consultar | S2: 0 | T2: Consultar | U2: Consultar | V2: Consultar
A3: LAURA RENGIFO | B3: Podas Sur | C3: 1 | D3: Abarema jupunba | E3: Frijolillo; Rayo; Guacamayo Blanco; Carbonero; Arenillo de Monte Chocho | F3: Fabaceae | G3: 1 | H3: =VLOOKUP(F3,'Generos y Familia'!$A$1:$C$623,2,FALSE) -> 27 | I3: =D3 -> Abarema jupunba | J3: =G3&" "&D3 -> 1 Abarema jupunba | K3: =E3 -> Frijolillo; Rayo; Guacamayo Blanco; Carbonero; Arenillo de Monte Chocho | L3: =G3&" "&E3 -> 1 Frijolillo; Rayo; Guacamayo Blanco; Carbonero; Arenillo de Monte Chocho | M3: Nativa | N3: Si | O3: Árbol | P3: Abarema | Q3: 20 | R3: (UEIA, 2014) | S3: 60 | T3: (UEIA, 2014) | U3: Media | V3: 0.55 | X3: Diámetro y/o altura aproximado por género
A4: LAURA RENGIFO | B4: Podas Sur | C4: 2 | D4: Abarema sp | E4: Abarema | F4: Fabaceae | G4: 2 | H4: =VLOOKUP(F4,'Generos y Familia'!$A$1:$C$623,2,FALSE) -> 27 | I4: =D4 -> Abarema sp | J4: =G4&" "&D4 -> 2 Abarema sp | K4: =E4 -> Abarema | L4: =G4&" "&E4 -> 2 Abarema | M4: Nativa | N4: Si | O4: Árbol | P4: Abarema | Q4: 20 | S4: 60 | U4: Media
A5: LAURA RENGIFO | B5: Podas Sur | C5: 3 | D5: Abelmoschus moschatus | E5: Hibisco | F5: Malvaceae | G5: 3 | H5: =VLOOKUP(F5,'Generos y Familia'!$A$1:$C$623,2,FALSE) -> 40 | I5: =D5 -> Abelmoschus moschatus | J5: =G5&" "&D5 -> 3 Abelmoschus moschatus | K5: =E5 -> Hibisco | L5: =G5&" "&E5 -> 3 Hibisco | M5: Introducida | N5: Si | O5: Arbusto | P5: Abelmoschus
A6: LAURA RENGIFO | B6: Podas Sur | C6: 4 | D6: Abutilon insigne | E6: Abutilon | F6: Malvaceae | G6: 4 | H6: =VLOOKUP(F6,'Generos y Familia'!$A$1:$C$623,2,FALSE) -> 40 | I6: =D6 -> Abutilon insigne | J6: =G6&" "&D6 -> 4 Abutilon insigne | K6: =E6 -> Abutilon | L6: =G6&" "&E6 -> 4 Abutilon | M6: Nativa | N6: Si | O6: Arbusto | P6: Abutilon | Q6: 3 | R6: (UEIA, 2014) | U6: Media
A7: LAURA RENGIFO | B7: Podas Sur | C7: 5 | D7: Abutilon pictum | E7: Faroolito Japones | F7: Malvaceae | G7: 5 | H7: =VLOOKUP(F7,'Generos y Familia'!$A$1:$C$623,2,FALSE) -> 40 | I7: =D7 -> Abutilon pictum | J7: =G7&" "&D7 -> 5 Abutilon pictum | K7: =E7 -> Faroolito Japones | L7: =G7&" "&E7 -> 5 Faroolito Japones | M7: Introducida | N7: Si | O7: Arbusto | P7: Abutilon | Q7: 3 | R7: (UEIA & USFS, 2018) | S7: 30 | U7: Rápida | X7: Diámetro y/o altura aproximado por género
A8: LAURA RENGIFO | B8: Podas Sur | C8: 6 | D8: Abutilon sp | E8: Abutilon | F8: Malvaceae | G8: 6 | H8: =VLOOKUP(F8,'Generos y Familia'!$A$1:$C$623,2,FALSE) -> 40 | I8: =D8 -> Abutilon sp | J8: =G8&" "&D8 -> 6 Abutilon sp | K8: =E8 -> Abutilon | L8: =G8&" "&E8 -> 6 Abutilon | M8: Nativa | N8: Si | O8: Arbusto | P8: Abutilon | Q8: 3 | R8: (UEIA, 2014) | U8: Media | X8: Diámetro y/o altura aproximado por género
A9: LAURA RENGIFO | B9: Podas Sur | C9: 7 | D9: Acacia angustissima | E9: Dormilón | F9: Fabaceae | G9: 7 | H9: =VLOOKUP(F9,'Generos y Familia'!$A$1:$C$623,2,FALSE) -> 27 | I9: =D9 -> Acacia angustissima | J9: =G9&" "&D9 -> 7 Acacia angustissima | K9: =E9 -> Dormilón | L9: =G9&" "&E9 -> 7 Dormilón | M9: Nativa | N9: Si | O9: Arbusto | P9: Acacia | Q9: 6 | R9: (UEIA & USFS, 2018) | S9: 30 | U9: Rápida | X9: Diámetro y/o altura aproximado por género
A10: LAURA RENGIFO | B10: Podas Sur | C10: 8 | D10: Acacia baileyana | E10: Acacia (Baileyana) | F10: Fabaceae | G10: 8 | H10: =VLOOKUP(F10,'Generos y Familia'!$A$1:$C$623,2,FALSE) -> 27 | I10: =D10 -> Acacia baileyana | J10: =G10&" "&D10 -> 8 Acacia baileyana | K10: =E10 -> Acacia (Baileyana) | L10: =G10&" "&E10 -> 8 Acacia (Baileyana) | M10: Introducida | N10: Si | O10: Árbol | P10: Acacia | Q10: 5 | R10: (UEIA & USFS, 2018) | S10: 70 | U10: Rápida | X10: Diámetro y/o altura aproximado por género
A11: LAURA RENGIFO | B11: Clus Cartago | C11: 9 | D11: Acacia caven | E11: Aromo | F11: Fabaceae | G11: 9 | H11: =VLOOKUP(F11,'Generos y Familia'!$A$1:$C$623,2,FALSE) -> 27 | I11: =D11 -> Acacia caven | J11: =G11&" "&D11 -> 9 Acacia caven | K11: =E11 -> Aromo | L11: =G11&" "&E11 -> 9 Aromo | M11: Nativa | N11: No | O11: Arbusto | P11: Acacia | Q11: 6 | R11: (Benedetti, 2012) | S11: 40 | T11: (Benedetti, 2012) | U11: Rápida | V11: 0.83 | W11: 30-100
A12: LAURA RENGIFO | B12: Podas Sur | C12: 10 | D12: Acacia decurrens | E12: Acacia Roja (Decurrens) | F12: Fabaceae | G12: 10 | H12: =VLOOKUP(F12,'Generos y Familia'!$A$1:$C$623,2,FALSE) -> 27 | I12: =D12 -> Acacia decurrens | J12: =G12&" "&D12 -> 10 Acacia decurrens | K12: =E12 -> Acacia Roja (Decurrens) | L12: =G12&" "&E12 -> 10 Acacia Roja (Decurrens) | M12: Introducida | N12: Si | O12: Árbol | P12: Acacia | Q12: 15 | R12: (UEIA, 2014) | S12: 60 | T12: (UEIA, 2014) | U12: Rápida | X12: Diámetro y/o altura aproximado por género
A13: LAURA RENGIFO | B13: Clus Cartago | C13: 11 | D13: Acacia farnesiana | E13: Acacia de Desierto; Acacia Farnesiana | F13: Fabaceae | G13: 11 | H13: =VLOOKUP(F13,'Generos y Familia'!$A$1:$C$623,2,FALSE) -> 27 | I13: =D13 -> Acacia farnesiana | J13: =G13&" "&D13 -> 11 Acacia farnesiana | K13: =E13 -> Acacia de Desierto; Acacia Farnesiana | L13: =G13&" "&E13 -> 11 Acacia de Desierto; Acacia Farnesiana | M13: Nativa | N13: Si | O13: Árbol | P13: Acacia | Q13: 2 | R13: (UEIA, 2014) | U13: Lenta
A14: LAURA RENGIFO | B14: Podas Sur | C14: 12 | D14: Acacia mangium | E14: Acacia Mangium | F14: Fabaceae | G14: 12 | H14: =VLOOKUP(F14,'Generos y Familia'!$A$1:$C$623,2,FALSE) -> 27 | I14: =D14 -> Acacia mangium | J14: =G14&" "&D14 -> 12 Acacia mangium | K14: =E14 -> Acacia Mangium | L14: =G14&" "&E14 -> 12 Acacia Mangium | M14: Introducida | N14: Si | O14: Árbol | P14: Acacia | Q14: 30 | R14: (UEIA & USFS, 2018) | S14: 60 | T14: (UEIA, 2014) | U14: Rápida | V14: 0.65
A15: LAURA RENGIFO | B15: Podas Sur | C15: 13 | D15: Acacia melanoxylon | E15: Acacia Japonesa; Acacia Negra | F15: Fabaceae | G15: 13 | H15: =VLOOKUP(F15,'Generos y Familia'!$A$1:$C$623,2,FALSE) -> 27 | I15: =D15 -> Acacia melanoxylon | J15: =G15&" "&D15 -> 13 Acacia melanoxylon | K15: =E15 -> Acacia Japonesa; Acacia Negra | L15: =G15&" "&E15 -> 13 Acacia Japonesa; Acacia Negra | M15: Introducida | N15: Si | O15: Árbol | P15: Acacia | Q15: 20 | R15: (UEIA, 2014) | S15: 50 | T15: (UEIA, 2014) | U15: Rápida | V15: 0.54 | W15: 70-100
A16: LAURA RENGIFO | B16: Podas Sur | C16: 14 | D16: Acacia muricata | E16: Acacia | F16: Fabaceae | G16: 14 | H16: =VLOOKUP(F16,'Generos y Familia'!$A$1:$C$623,2,FALSE) -> 27 | I16: =D16 -> Acacia muricata | J16: =G16&" "&D16 -> 14 Acacia muricata | K16: =E16 -> Acacia | L16: =G16&" "&E16 -> 14 Acacia | M16: Introducida | N16: No | O16: Árbol | P16: Acacia
A17: LAURA RENGIFO | B17: Podas Sur | C17: 15 | D17: Acalypha amentacea | E17: Acalifa Repollo; Carlota | F17: Euphorbiaceae | G17: 15 | H17: =VLOOKUP(F17,'Generos y Familia'!$A$1:$C$623,2,FALSE) -> 26 | I17: =D17 -> Acalypha amentacea | J17: =G17&" "&D17 -> 15 Acalypha amentacea | K17: =E17 -> Acalifa Repollo; Carlota | L17: =G17&" "&E17 -> 15 Acalifa Repollo; Carlota | M17: Introducida | N17: Si | O17: Arbusto | P17: Acalypha | Q17: 3 | R17: (UEIA & USFS, 2018)
A18: LAURA RENGIFO | B18: Podas Sur | C18: 16 | D18: Acalypha diversifolia | E18: Carlota | F18: Euphorbiaceae | G18: 16 | H18: =VLOOKUP(F18,'Generos y Familia'!$A$1:$C$623,2,FALSE) -> 26 | I18: =D18 -> Acalypha diversifolia | J18: =G18&" "&D18 -> 16 Acalypha diversifolia | K18: =E18 -> Carlota | L18: =G18&" "&E18 -> 16 Carlota | M18: Nativa | N18: Si | O18: Arbusto | P18: Acalypha
A19: LAURA RENGIFO | B19: Podas Sur | C19: 17 | D19: Acalypha hispida | E19: Cola de Zorro | F19: Euphorbiaceae | G19: 17 | H19: =VLOOKUP(F19,'Generos y Familia'!$A$1:$C$623,2,FALSE) -> 26 | I19: =D19 -> Acalypha hispida | J19: =G19&" "&D19 -> 17 Acalypha hispida | K19: =E19 -> Cola de Zorro | L19: =G19&" "&E19 -> 17 Cola de Zorro | M19: Introducida | N19: Si | O19: Arbusto | P19: Acalypha | Q19: 4 | R19: (UEIA & USFS, 2018) | U19: Rápida
A20: LAURA RENGIFO | B20: Podas Sur | C20: 18 | D20: Acalypha macrostachya | E20: Ortiga | F20: Euphorbiaceae | G20: 18 | H20: =VLOOKUP(F20,'Generos y Familia'!$A$1:$C$623,2,FALSE) -> 26 | I20: =D20 -> Acalypha macrostachya | J20: =G20&" "&D20 -> 18 Acalypha macrostachya | K20: =E20 -> Ortiga | L20: =G20&" "&E20 -> 18 Ortiga | M20: Nativa | N20: Si | O20: Arbusto | P20: Acalypha | Q20: 6 | R20: (UEIA & USFS, 2018) | U20: Rápida
A21: LAURA RENGIFO | B21: Podas Sur | C21: 19 | D21: Acalypha villosa | E21: Vara de Alcalde; Salvia de Monte | F21: Euphorbiaceae | G21: 19 | H21: =VLOOKUP(F21,'Generos y Familia'!$A$1:$C$623,2,FALSE) -> 26 | I21: =D21 -> Acalypha villosa | J21: =G21&" "&D21 -> 19 Acalypha villosa | K21: =E21 -> Vara de Alcalde; Salvia de Monte | L21: =G21&" "&E21 -> 19 Vara de Alcalde; Salvia de Monte | M21: Introducida | N21: Si | O21: Arbusto | P21: Acalypha
A22: LAURA RENGIFO | B22: Podas Sur | C22: 20 | D22: Acalypha wilkesiana | E22: Carlota | F22: Euphorbiaceae | G22: 20 | H22: =VLOOKUP(F22,'Generos y Familia'!$A$1:$C$623,2,FALSE) -> 26 | I22: =D22 -> Acalypha wilkesiana | J22: =G22&" "&D22 -> 20 Acalypha wilkesiana | K22: =E22 -> Carlota | L22: =G22&" "&E22 -> 20 Carlota | M22: Introducida | N22: Si | O22: Arbusto | P22: Acalypha | Q22: 3 | R22: (UEIA & USFS, 2018) | U22: Rápida
A23: LAURA RENGIFO | B23: Podas Sur | C23: 21 | D23: Acca sellowiana | E23: Guayaba Feijoa | F23: Myrtaceae | G23: 21 | H23: =VLOOKUP(F23,'Generos y Familia'!$A$1:$C$623,2,FALSE) -> 49 | I23: =D23 -> Acca sellowiana | J23: =G23&" "&D23 -> 21 Acca sellowiana | K23: =E23 -> Guayaba Feijoa | L23: =G23&" "&E23 -> 21 Guayaba Feijoa | M23: Nativa | N23: Si | O23: Arbusto | P23: Acca | Q23: 5 | R23: (UEIA, 2014) | S23: 20 | T23: (UEIA, 2014) | U23: Lenta
A24: LAURA RENGIFO | B24: Clus Cartago | C24: 22 | D24: Achatocarpus nigricans | E24: Totocal O Limon Macho | F24: Achatocarpaceae | G24: 22 | H24: =VLOOKUP(F24,'Generos y Familia'!$A$1:$C$623,2,FALSE) -> 2 | I24: =D24 -> Achatocarpus nigricans | J24: =G24&" "&D24 -> 22 Achatocarpus nigricans | K24: =E24 -> Totocal O Limon Macho | L24: =G24&" "&E24 -> 22 Totocal O Limon Macho | M24: Nativa | N24: Si | O24: Árbol | P24: Achatocarpus | Q24: 12 | R24: (UEIA & USFS, 2018) | U24: Rápida
A25: LAURA RENGIFO | B25: Podas Sur | C25: 23 | D25: Iochroma arborescens | E25: Güitite; Tabalgue; Tomatoquina | F25: Solanaceae | G25: 23 | H25: =VLOOKUP(F25,'Generos y Familia'!$A$1:$C$623,2,FALSE) -> 89 | I25: =D25 -> Iochroma arborescens | J25: =G25&" "&D25 -> 23 Iochroma arborescens | K25: =E25 -> Güitite; Tabalgue; Tomatoquina | L25: =G25&" "&E25 -> 23 Güitite; Tabalgue; Tomatoquina | M25: Nativa | N25: Si | O25: Árbol | P25: Acnistus | Q25: 8 | R25: (iNaturalistCO, 2024) | S25: 25 | U25: Rápida | W25: 5-6 | X25: Diámetro y/o altura aproximado por género
A26: LAURA RENGIFO | B26: Clus Cartago | C26: 24 | D26: Acosmium dasycarpum | E26: Tasaa | F26: Fabaceae | G26: 24 | H26: =VLOOKUP(F26,'Generos y Familia'!$A$1:$C$623,2,FALSE) -> 27 | I26: =D26 -> Acosmium dasycarpum | J26: =G26&" "&D26 -> 24 Acosmium dasycarpum | K26: =E26 -> Tasaa | L26: =G26&" "&E26 -> 24 Tasaa | M26: Nativa | N26: Si | O26: Arbusto | P26: Acosmium
A27: LAURA RENGIFO | B27: Podas Sur | C27: 25 | D27: Acrocarpus fraxinifolius | E27: Cedro Rosado de la India | F27: Fabaceae | G27: 25 | H27: =VLOOKUP(F27,'Generos y Familia'!$A$1:$C$623,2,FALSE) -> 27 | I27: =D27 -> Acrocarpus fraxinifolius | J27: =G27&" "&D27 -> 25 Acrocarpus fraxinifolius | K27: =E27 -> Cedro Rosado de la India | L27: =G27&" "&E27 -> 25 Cedro Rosado de la India | M27: Introducida | N27: No | O27: Árbol | P27: Acrocarpus | Q27: 25 | R27: (UEIA & USFS, 2018) | U27: Rápida
A28: LAURA RENGIFO | B28: Podas Sur | C28: 26 | D28: Acrocomia aculeata | E28: Palma Chonta; Corozo Baboso | F28: Arecaceae | G28: 26 | H28: =VLOOKUP(F28,'Generos y Familia'!$A$1:$C$623,2,FALSE) -> 14 | I28: =D28 -> Acrocomia aculeata | J28: =G28&" "&D28 -> 26 Acrocomia aculeata | K28: =E28 -> Palma Chonta; Corozo Baboso | L28: =G28&" "&E28 -> 26 Palma Chonta; Corozo Baboso | M28: Nativa | N28: Si | O28: Palma | P28: Acrocomia | Q28: 15 | R28: (UEIA, 2014) | S28: 30 | T28: (UEIA, 2014) | U28: Media | W28: 29,6
A29: LAURA RENGIFO | B29: Podas Sur | C29: 27 | D29: Adenanthera pavonina | E29: Coralito; Chocho | F29: Fabaceae | G29: 27 | H29: =VLOOKUP(F29,'Generos y Familia'!$A$1:$C$623,2,FALSE) -> 27 | I29: =D29 -> Adenanthera pavonina | J29: =G29&" "&D29 -> 27 Adenanthera pavonina | K29: =E29 -> Coralito; Chocho | L29: =G29&" "&E29 -> 27 Coralito; Chocho | M29: Introducida | N29: Si | O29: Árbol | P29: Adenanthera | Q29: 15 | R29: (UEIA, 2014) | S29: 45 | T29: (UEIA, 2014) | U29: Rápida | V29: 0.68
A30: LAURA RENGIFO | B30: Podas Sur | C30: 28 | D30: Adenaria floribunda | E30: Chaparro | F30: Lythraceae | G30: 28 | H30: =VLOOKUP(F30,'Generos y Familia'!$A$1:$C$623,2,FALSE) -> 37 | I30: =D30 -> Adenaria floribunda | J30: =G30&" "&D30 -> 28 Adenaria floribunda | K30: =E30 -> Chaparro | L30: =G30&" "&E30 -> 28 Chaparro | M30: Nativa | N30: Si | O30: Arbusto | P30: Adenaria | Q30: 7 | R30: (UEIA, 2014) | S30: 10 | T30: (UEIA, 2014) | U30: Rápida
A31: LAURA RENGIFO | B31: Podas Sur | C31: 29 | D31: Adonidia merrillii | E31: Palma de Manila; Palma de Navidad | F31: Arecaceae | G31: 29 | H31: =VLOOKUP(F31,'Generos y Familia'!$A$1:$C$623,2,FALSE) -> 14 | I31: =D31 -> Adonidia merrillii | J31: =G31&" "&D31 -> 29 Adonidia merrillii | K31: =E31 -> Palma de Manila; Palma de Navidad | L31: =G31&" "&E31 -> 29 Palma de Manila; Palma de Navidad | M31: Introducida | N31: Si | O31: Palma | P31: Adonidia | Q31: 12 | R31: (UEIA, 2014) | S31: 20 | T31: (UEIA, 2014) | U31: Media | W31: 30
A32: LAURA RENGIFO | B32: Podas Sur | C32: 30 | D32: Aegiceras corniculatum | E32: Aegiceras Corniculatum | F32: Primulaceae | G32: 30 | H32: =VLOOKUP(F32,'Generos y Familia'!$A$1:$C$623,2,FALSE) -> 74 | I32: =D32 -> Aegiceras corniculatum | J32: =G32&" "&D32 -> 30 Aegiceras corniculatum | K32: =E32 -> Aegiceras Corniculatum | L32: =G32&" "&E32 -> 30 Aegiceras Corniculatum | M32: Introducida | N32: No | O32: Arbusto | P32: Aegiceras
A33: LAURA RENGIFO | B33: Podas Sur | C33: 31 | D33: Aegiphila integrifolia | E33: Pavo; Juan Blanco | F33: Lamiaceae | G33: 31 | H33: =VLOOKUP(F33,'Generos y Familia'!$A$1:$C$623,2,FALSE) -> 34 | I33: =D33 -> Aegiphila integrifolia | J33: =G33&" "&D33 -> 31 Aegiphila integrifolia | K33: =E33 -> Pavo; Juan Blanco | L33: =G33&" "&E33 -> 31 Pavo; Juan Blanco | M33: Nativa | N33: Si | O33: Árbol | P33: Aegiphila
A34: LAURA RENGIFO | B34: Podas Sur | C34: 32 | D34: Aegiphila mollis | E34: Contraculebra de Venezuela | F34: Lamiaceae | G34: 32 | H34: =VLOOKUP(F34,'Generos y Familia'!$A$1:$C$623,2,FALSE) -> 34 | I34: =D34 -> Aegiphila mollis | J34: =G34&" "&D34 -> 32 Aegiphila mollis | K34: =E34 -> Contraculebra de Venezuela | L34: =G34&" "&E34 -> 32 Contraculebra de Venezuela | M34: Introducida | N34: Si | O34: Arbusto | P34: Aegiphila
A35: LAURA RENGIFO | B35: Podas Sur | C35: 33 | D35: Aegiphila panamensis | E35: Loro | F35: Lamiaceae | G35: 33 | H35: =VLOOKUP(F35,'Generos y Familia'!$A$1:$C$623,2,FALSE) -> 34 | I35: =D35 -> Aegiphila panamensis | J35: =G35&" "&D35 -> 33 Aegiphila panamensis | K35: =E35 -> Loro | L35: =G35&" "&E35 -> 33 Loro | M35: Nativa | N35: Si | O35: Árbol | P35: Aegiphila
A36: LAURA RENGIFO | B36: Podas Sur | C36: 34 | D36: Aegiphila sp | E36: Tabaquillo; Palo Blanco; Mantequillo; Sapo de Vieja | F36: Lamiaceae | G36: 34 | H36: =VLOOKUP(F36,'Generos y Familia'!$A$1:$C$623,2,FALSE) -> 34 | I36: =D36 -> Aegiphila sp | J36: =G36&" "&D36 -> 34 Aegiphila sp | K36: =E36 -> Tabaquillo; Palo Blanco; Mantequillo; Sapo de Vieja | L36: =G36&" "&E36 -> 34 Tabaquillo; Palo Blanco; Mantequillo; Sapo de Vieja | M36: Nativa | N36: Si | O36: Árbol | P36: Aegiphila | Q36: 15-20 | R36: (UEIA & USFS, 2018) | S36: 30 | U36: Rápida | W36: 15 | X36: Diámetro y/o altura aproximado por género
A37: LAURA RENGIFO | B37: Podas Sur | C37: 35 | D37: Agave americana | E37: Motua; Chaguar; Maguey | F37: Asparagaceae | G37: 35 | H37: =VLOOKUP(F37,'Generos y Familia'!$A$1:$C$623,2,FALSE) -> 15 | I37: =D37 -> Agave americana | J37: =G37&" "&D37 -> 35 Agave americana | K37: =E37 -> Motua; Chaguar; Maguey | L37: =G37&" "&E37 -> 35 Motua; Chaguar; Maguey | M37: Introducida | N37: Si | O37: Roseta | P37: Agave
A38: LAURA RENGIFO | B38: Podas Sur | C38: 36 | D38: Agave attenuata | E38: Maguey del Dragón | F38: Asparagaceae | G38: 36 | H38: =VLOOKUP(F38,'Generos y Familia'!$A$1:$C$623,2,FALSE) -> 15 | I38: =D38 -> Agave attenuata | J38: =G38&" "&D38 -> 36 Agave attenuata | K38: =E38 -> Maguey del Dragón | L38: =G38&" "&E38 -> 36 Maguey del Dragón | M38: Introducida | N38: Si | O38: Roseta | P38: Agave | Q38: 3 | S38: 30 | U38: Lenta | X38: Diámetro y/o altura aproximado por género
A39: LAURA RENGIFO | B39: Podas Sur | C39: 37 | D39: Agave sp | E39: Pita; Pitera; Magüey | F39: Asparagaceae | G39: 37 | H39: =VLOOKUP(F39,'Generos y Familia'!$A$1:$C$623,2,FALSE) -> 15 | I39: =D39 -> Agave sp | J39: =G39&" "&D39 -> 37 Agave sp | K39: =E39 -> Pita; Pitera; Magüey | L39: =G39&" "&E39 -> 37 Pita; Pitera; Magüey | M39: Introducida | N39: Si | O39: Roseta | P39: Agave
A40: LAURA RENGIFO | B40: Podas Sur | C40: 38 | D40: Aiouea sp | E40: Laurel Feve | F40: Lauraceae | G40: 38 | H40: =VLOOKUP(F40,'Generos y Familia'!$A$1:$C$623,2,FALSE) -> 35 | I40: =D40 -> Aiouea sp | J40: =G40&" "&D40 -> 38 Aiouea sp | K40: =E40 -> Laurel Feve | L40: =G40&" "&E40 -> 38 Laurel Feve | M40: Nativa | N40: Si | O40: Arbusto | P40: Aiouea
A41: LAURA RENGIFO | B41: Podas Sur | C41: 39 | D41: Aiphanes horrida | E41: Palma Corocito; Corozo Rojo; Chascaraiza; Mararay | F41: Arecaceae | G41: 39 | H41: =VLOOKUP(F41,'Generos y Familia'!$A$1:$C$623,2,FALSE) -> 14 | I41: =D41 -> Aiphanes horrida | J41: =G41&" "&D41 -> 39 Aiphanes horrida | K41: =E41 -> Palma Corocito; Corozo Rojo; Chascaraiza; Mararay | L41: =G41&" "&E41 -> 39 Palma Corocito; Corozo Rojo; Chascaraiza; Mararay | M41: Nativa | N41: Si | O41: Palma | P41: Aiphanes | Q41: 18 | R41: (UEIA, 2014) | S41: 10 | T41: (UEIA, 2014) | U41: Media
A42: LAURA RENGIFO | B42: Podas Sur | C42: 40 | D42: Aiphanes simplex | E42: Corozo; Perrero | F42: Arecaceae | G42: 40 | H42: =VLOOKUP(F42,'Generos y Familia'!$A$1:$C$623,2,FALSE) -> 14 | I42: =D42 -> Aiphanes simplex | J42: =G42&" "&D42 -> 40 Aiphanes simplex | K42: =E42 -> Corozo; Perrero | L42: =G42&" "&E42 -> 40 Corozo; Perrero | M42: Nativa | N42: Si | O42: Palma | P42: Aiphanes | Q42: 4 | R42: (UEIA & USFS, 2018) | U42: Lento
A43: LAURA RENGIFO | B43: Podas Sur | C43: 41 | D43: Albizia carbonaria | E43: Pisquín; Carbonero | F43: Fabaceae | G43: 41 | H43: =VLOOKUP(F43,'Generos y Familia'!$A$1:$C$623,2,FALSE) -> 27 | I43: =D43 -> Albizia carbonaria | J43: =G43&" "&D43 -> 41 Albizia carbonaria | K43: =E43 -> Pisquín; Carbonero | L43: =G43&" "&E43 -> 41 Pisquín; Carbonero | M43: Nativa | N43: Si | O43: Árbol | P43: Albizia | Q43: 25 | R43: (UEIA, 2014) | S43: 60 | T43: (UEIA, 2014) | U43: Rápida
A44: LAURA RENGIFO | B44: Clus Cartago | C44: 42 | D44: Albizia guachapele | E44: Igua | F44: Fabaceae | G44: 42 | H44: =VLOOKUP(F44,'Generos y Familia'!$A$1:$C$623,2,FALSE) -> 27 | I44: =D44 -> Albizia guachapele | J44: =G44&" "&D44 -> 42 Albizia guachapele | K44: =E44 -> Igua | L44: =G44&" "&E44 -> 42 Igua | M44: Nativa | N44: Si | O44: Árbol | P44: Albizia | Q44: 25 | R44: (UEIA, 2014) | S44: 70 | T44: (UEIA, 2014) | U44: Media | V44: 0.56
A45: LAURA RENGIFO | B45: Podas Sur | C45: 43 | D45: Albizia julibrissin | E45: Acacia de Constantinopla | F45: Fabaceae | G45: 43 | H45: =VLOOKUP(F45,'Generos y Familia'!$A$1:$C$623,2,FALSE) -> 27 | I45: =D45 -> Albizia julibrissin | J45: =G45&" "&D45 -> 43 Albizia julibrissin | K45: =E45 -> Acacia de Constantinopla | L45: =G45&" "&E45 -> 43 Acacia de Constantinopla | M45: Introducida | N45: Si | O45: Árbol | P45: Albizia | Q45: 6 | R45: (UEIA & USFS, 2018) | U45: Rápida
A46: LAURA RENGIFO | B46: Podas Sur | C46: 44 | D46: Albizia lebbeck | E46: Carbonero Dormilón; Bayeto | F46: Fabaceae | G46: 44 | H46: =VLOOKUP(F46,'Generos y Familia'!$A$1:$C$623,2,FALSE) -> 27 | I46: =D46 -> Albizia lebbeck | J46: =G46&" "&D46 -> 44 Albizia lebbeck | K46: =E46 -> Carbonero Dormilón; Bayeto | L46: =G46&" "&E46 -> 44 Carbonero Dormilón; Bayeto | M46: Introducida | N46: Si | O46: Árbol | P46: Albizia | Q46: 30 | R46: (UEIA & USFS, 2018) | U46: Rápida
A47: LAURA RENGIFO | B47: Podas Sur | C47: 45 | D47: Albizia niopoides | E47: Pisquin; Guacamayo | F47: Fabaceae | G47: 45 | H47: =VLOOKUP(F47,'Generos y Familia'!$A$1:$C$623,2,FALSE) -> 27 | I47: =D47 -> Albizia niopoides | J47: =G47&" "&D47 -> 45 Albizia niopoides | K47: =E47 -> Pisquin; Guacamayo | L47: =G47&" "&E47 -> 45 Pisquin; Guacamayo | M47: Nativa | N47: Si | O47: Árbol | P47: Albizia | Q47: 25 | R47: (UEIA & USFS, 2018) | U47: Rápida
A48: LAURA RENGIFO | B48: Podas Sur | C48: 46 | D48: Albizia saman | E48: Saman | F48: Fabaceae | G48: 46 | H48: =VLOOKUP(F48,'Generos y Familia'!$A$1:$C$623,2,FALSE) -> 27 | I48: =D48 -> Albizia saman | J48: =G48&" "&D48 -> 46 Albizia saman | K48: =E48 -> Saman | L48: =G48&" "&E48 -> 46 Saman | M48: Nativa | N48: Si | O48: Árbol | P48: Albizia | Q48: 20 | R48: (UEIA, 2014) | S48: 100 | T48: (UEIA, 2014) | U48: Media | V48: 0.49
A49: LAURA RENGIFO | B49: Podas Sur | C49: 47 | D49: Albizia sp | E49: Albizia | F49: Fabaceae | G49: 47 | H49: =VLOOKUP(F49,'Generos y Familia'!$A$1:$C$623,2,FALSE) -> 27 | I49: =D49 -> Albizia sp | J49: =G49&" "&D49 -> 47 Albizia sp | K49: =E49 -> Albizia | L49: =G49&" "&E49 -> 47 Albizia | M49: Nativa | N49: Si | O49: Árbol | P49: Albizia | Q49: 20-30 | R49: (UEIA & USFS, 2018) | S49: 100 | T49: (UEIA, 2014) | U49: Rápida | V49: 0.49 | W49: 30-100
A50: LAURA RENGIFO | B50: Podas Sur | C50: 48 | D50: Alchornea costaricensis | E50: Cafesito | F50: Euphorbiaceae | G50: 48 | H50: =VLOOKUP(F50,'Generos y Familia'!$A$1:$C$623,2,FALSE) -> 26 | I50: =D50 -> Alchornea costaricensis | J50: =G50&" "&D50 -> 48 Alchornea costaricensis | K50: =E50 -> Cafesito | L50: =G50&" "&E50 -> 48 Cafesito | M50: Nativa | N50: Si | O50: Árbol | P50: Alchornea | Q50: 15 | R50: (UEIA & USFS, 2018) | U50: Media
A51: LAURA RENGIFO | B51: Podas Sur | C51: 49 | D51: Alchornea glandulosa | E51: Tostado | F51: Euphorbiaceae | G51: 49 | H51: =VLOOKUP(F51,'Generos y Familia'!$A$1:$C$623,2,FALSE) -> 26 | I51: =D51 -> Alchornea glandulosa | J51: =G51&" "&D51 -> 49 Alchornea glandulosa | K51: =E51 -> Tostado | L51: =G51&" "&E51 -> 49 Tostado | M51: Nativa | N51: Si | O51: Árbol | P51: Alchornea | Q51: 25 | R51: (UEIA & USFS, 2018) | U51: Media
A52: LAURA RENGIFO | B52: Podas Sur | C52: 50 | D52: Alchornea grandiflora | E52: Escobo | F52: Euphorbiaceae | G52: 50 | H52: =VLOOKUP(F52,'Generos y Familia'!$A$1:$C$623,2,FALSE) -> 26 | I52: =D52 -> Alchornea grandiflora | J52: =G52&" "&D52 -> 50 Alchornea grandiflora | K52: =E52 -> Escobo | L52: =G52&" "&E52 -> 50 Escobo | M52: Nativa | N52: Si | O52: Árbol | P52: Alchornea
A53: LAURA RENGIFO | B53: Podas Sur | C53: 51 | D53: Alchornea latifolia | E53: Escobo; Carcomo; Mazamorro | F53: Euphorbiaceae | G53: 51 | H53: =VLOOKUP(F53,'Generos y Familia'!$A$1:$C$623,2,FALSE) -> 26 | I53: =D53 -> Alchornea latifolia | J53: =G53&" "&D53 -> 51 Alchornea latifolia | K53: =E53 -> Escobo; Carcomo; Mazamorro | L53: =G53&" "&E53 -> 51 Escobo; Carcomo; Mazamorro | M53: Introducida | N53: Si | O53: Árbol | P53: Alchornea | Q53: 16 | R53: (UEIA & USFS, 2018) | S53: 100 | T53: (UEIA, 2014) | U53: Lenta | V53: 0.47 | X53: Densidad aproximada por género
A54: LAURA RENGIFO | B54: Podas Sur | C54: 52 | D54: Alchornea sp | E54: Escobo; Quiebrapatas | F54: Euphorbiaceae | G54: 52 | H54: =VLOOKUP(F54,'Generos y Familia'!$A$1:$C$623,2,FALSE) -> 26 | I54: =D54 -> Alchornea sp | J54: =G54&" "&D54 -> 52 Alchornea sp | K54: =E54 -> Escobo; Quiebrapatas | L54: =G54&" "&E54 -> 52 Escobo; Quiebrapatas | M54: Introducida | N54: Si | O54: Árbol | P54: Alchornea | Q54: 30 | R54: (UEIA, 2014) | S54: 100 | T54: (UEIA, 2014) | U54: Rápida | V54: 0.47 | X54: Densidad aproximada por género
A55: LAURA RENGIFO | B55: Podas Sur | C55: 53 | D55: Alchornea triplinervia | E55: Reventillo; Algodoncillo; Carcomo | F55: Euphorbiaceae | G55: 53 | H55: =VLOOKUP(F55,'Generos y Familia'!$A$1:$C$623,2,FALSE) -> 26 | I55: =D55 -> Alchornea triplinervia | J55: =G55&" "&D55 -> 53 Alchornea triplinervia | K55: =E55 -> Reventillo; Algodoncillo; Carcomo | L55: =G55&" "&E55 -> 53 Reventillo; Algodoncillo; Carcomo | M55: Nativa | N55: Si | O55: Árbol | P55: Alchornea | Q55: 30 | R55: (UEIA, 2014) | S55: 100 | T55: (UEIA, 2014) | U55: Rápida | V55: 0.47
A56: LAURA RENGIFO | B56: Podas Sur | C56: 54 | D56: Alchornea verticillata | E56: Escobo (A otra sp de genero) | F56: Euphorbiaceae | G56: 54 | H56: =VLOOKUP(F56,'Generos y Familia'!$A$1:$C$623,2,FALSE) -> 26 | I56: =D56 -> Alchornea verticillata | J56: =G56&" "&D56 -> 54 Alchornea verticillata | K56: =E56 -> Escobo (A otra sp de genero) | L56: =G56&" "&E56 -> 54 Escobo (A otra sp de genero) | M56: Nativa | N56: Si | O56: Árbol | P56: Alchornea | Q56: 30 | R56: (UEIA, 2014) | S56: 100 | T56: (UEIA, 2014) | U56: Rápida | V56: 0,4-0,47 | X56: Densidad aproximada por género
A57: LAURA RENGIFO | B57: Podas Sur | C57: 55 | D57: Aleurites fordii | E57: Tung Asiatico | F57: Euphorbiaceae | G57: 55 | H57: =VLOOKUP(F57,'Generos y Familia'!$A$1:$C$623,2,FALSE) -> 26 | I57: =D57 -> Aleurites fordii | J57: =G57&" "&D57 -> 55 Aleurites fordii | K57: =E57 -> Tung Asiatico | L57: =G57&" "&E57 -> 55 Tung Asiatico | M57: Introducida | N57: Si | O57: Árbol | P57: Aleurites
A58: LAURA RENGIFO | B58: Podas Sur | C58: 56 | D58: Alfaroa colombiana | E58: Alfaroa | F58: Juglandaceae | G58: 56 | H58: =VLOOKUP(F58,'Generos y Familia'!$A$1:$C$623,2,FALSE) -> 32 | I58: =D58 -> Alfaroa colombiana | J58: =G58&" "&D58 -> 56 Alfaroa colombiana | K58: =E58 -> Alfaroa | L58: =G58&" "&E58 -> 56 Alfaroa | M58: Nativa | N58: Si | O58: Arbusto | P58: Alfaroa
A59: LAURA RENGIFO | B59: Podas Sur | C59: 57 | D59: Allamanda blanchetii | E59: Trompeta; Jalapa Morada | F59: Apocynaceae | G59: 57 | H59: =VLOOKUP(F59,'Generos y Familia'!$A$1:$C$623,2,FALSE) -> 9 | I59: =D59 -> Allamanda blanchetii | J59: =G59&" "&D59 -> 57 Allamanda blanchetii | K59: =E59 -> Trompeta; Jalapa Morada | L59: =G59&" "&E59 -> 57 Trompeta; Jalapa Morada | M59: Nativa | N59: Si | O59: Arbusto | P59: Allamanda | Q59: 3 | R59: (UEIA & USFS, 2018) | S59: 15 | U59: Rápida | X59: Diámetro y/o altura aproximado por género
A60: LAURA RENGIFO | B60: Podas Sur | C60: 58 | D60: Allamanda cathartica | E60: Copa de Oro | F60: Apocynaceae | G60: 58 | H60: =VLOOKUP(F60,'Generos y Familia'!$A$1:$C$623,2,FALSE) -> 9 | I60: =D60 -> Allamanda cathartica | J60: =G60&" "&D60 -> 58 Allamanda cathartica | K60: =E60 -> Copa de Oro | L60: =G60&" "&E60 -> 58 Copa de Oro | M60: Nativa | N60: Si | O60: Arbusto | P60: Allamanda | Q60: 3 | R60: (UEIA & USFS, 2018) | S60: 30 | U60: Rápida | X60: Diámetro y/o altura aproximado por género
A61: LAURA RENGIFO | B61: Podas Sur | C61: 59 | D61: Allamanda schottii | E61: Flor de Mantequilla | F61: Apocynaceae | G61: 59 | H61: =VLOOKUP(F61,'Generos y Familia'!$A$1:$C$623,2,FALSE) -> 9 | I61: =D61 -> Allamanda schottii | J61: =G61&" "&D61 -> 59 Allamanda schottii | K61: =E61 -> Flor de Mantequilla | L61: =G61&" "&E61 -> 59 Flor de Mantequilla | M61: Introducida | N61: Si | O61: Arbusto | P61: Allamanda
A62: LAURA RENGIFO | B62: Podas Sur | C62: 60 | D62: Allophylus sp | E62: Cedrillo | F62: Sapindaceae | G62: 60 | H62: =VLOOKUP(F62,'Generos y Familia'!$A$1:$C$623,2,FALSE) -> 84 | I62: =D62 -> Allophylus sp | J62: =G62&" "&D62 -> 60 Allophylus sp | K62: =E62 -> Cedrillo | L62: =G62&" "&E62 -> 60 Cedrillo | M62: Introducida | N62: No | O62: Arbusto | P62: Allophylus
A63: LAURA RENGIFO | B63: Podas Sur | C63: 61 | D63: Alnus acuminata | E63: Aliso | F63: Betulaceae | G63: 61 | H63: =VLOOKUP(F63,'Generos y Familia'!$A$1:$C$623,2,FALSE) -> 19 | I63: =D63 -> Alnus acuminata | J63: =G63&" "&D63 -> 61 Alnus acuminata | K63: =E63 -> Aliso | L63: =G63&" "&E63 -> 61 Aliso | M63: Introducida | N63: Si | O63: Árbol | P63: Alnus | Q63: 25 | R63: (UEIA, 2014) | S63: 45 | T63: (UEIA, 2014) | U63: Rápida | V63: 0.35 | W63: 1,5-3
A64: LAURA RENGIFO | B64: Podas Sur | C64: 62 | D64: Aloe arborescens | E64: Sábila Candelabro Africano | F64: Asphodelaceae | G64: 62 | H64: =VLOOKUP(F64,'Generos y Familia'!$A$1:$C$623,2,FALSE) -> 16 | I64: =D64 -> Aloe arborescens | J64: =G64&" "&D64 -> 62 Aloe arborescens | K64: =E64 -> Sábila Candelabro Africano | L64: =G64&" "&E64 -> 62 Sábila Candelabro Africano | M64: Introducida | N64: Si | O64: Arbusto | P64: Aloe
A65: LAURA RENGIFO | B65: Podas Sur | C65: 63 | D65: Aloysia citrodora | E65: Cedron | F65: Verbenaceae | G65: 63 | H65: =VLOOKUP(F65,'Generos y Familia'!$A$1:$C$623,2,FALSE) -> 96 | I65: =D65 -> Aloysia citrodora | J65: =G65&" "&D65 -> 63 Aloysia citrodora | K65: =E65 -> Cedron | L65: =G65&" "&E65 -> 63 Cedron | M65: Nativa | N65: Si | O65: Arbusto | P65: Aloysia | Q65: 3 | R65: (UEIA & USFS, 2018) | S65: 20 | U65: Rápida | X65: Diámetro y/o altura aproximado por género
A66: LAURA RENGIFO | B66: Podas Sur | C66: 64 | D66: Alpinia purpurata | E66: Yínyer; Yinye; Sanjuanico | F66: Zingiberaceae | G66: 64 | H66: =VLOOKUP(F66,'Generos y Familia'!$A$1:$C$623,2,FALSE) -> 101 | I66: =D66 -> Alpinia purpurata | J66: =G66&" "&D66 -> 64 Alpinia purpurata | K66: =E66 -> Yínyer; Yinye; Sanjuanico | L66: =G66&" "&E66 -> 64 Yínyer; Yinye; Sanjuanico | M66: Introducida | N66: Si | O66: Arbusto | P66: Alpinia
A67: LAURA RENGIFO | B67: Podas Sur | C67: 65 | D67: Alstonia scholaris | E67: Falso Ocobo; Palo de Sombra | F67: Apocynaceae | G67: 65 | H67: =VLOOKUP(F67,'Generos y Familia'!$A$1:$C$623,2,FALSE) -> 9 | I67: =D67 -> Alstonia scholaris | J67: =G67&" "&D67 -> 65 Alstonia scholaris | K67: =E67 -> Falso Ocobo; Palo de Sombra | L67: =G67&" "&E67 -> 65 Falso Ocobo; Palo de Sombra | M67: Introducida | N67: Si | O67: Árbol | P67: Alstonia
A68: LAURA RENGIFO | B68: Podas Sur | C68: 66 | D68: Alternanthera brasiliana | E68: Tebrol del Interior; Planta Percal; Alternatera | F68: Amaranthaceae | G68: 66 | H68: =VLOOKUP(F68,'Generos y Familia'!$A$1:$C$623,2,FALSE) -> 6 | I68: =D68 -> Alternanthera brasiliana | J68: =G68&" "&D68 -> 66 Alternanthera brasiliana | K68: =E68 -> Tebrol del Interior; Planta Percal; Alternatera | L68: =G68&" "&E68 -> 66 Tebrol del Interior; Planta Percal; Alternatera | M68: Nativa | N68: Si | O68: Arbusto | P68: Alternanthera
A69: LAURA RENGIFO | B69: Podas Sur | C69: 67 | D69: Amherstia nobilis | E69: Amherstia | F69: Fabaceae | G69: 67 | H69: =VLOOKUP(F69,'Generos y Familia'!$A$1:$C$623,2,FALSE) -> 27 | I69: =D69 -> Amherstia nobilis | J69: =G69&" "&D69 -> 67 Amherstia nobilis | K69: =E69 -> Amherstia | L69: =G69&" "&E69 -> 67 Amherstia | M69: Introducida | N69: No | O69: Árbol | P69: Amherstia
A70: LAURA RENGIFO | B70: Podas Sur | C70: 68 | D70: Ampelocera sp | E70: Ampeloceras | F70: Achatocarpaceae | G70: 68 | H70: =VLOOKUP(F70,'Generos y Familia'!$A$1:$C$623,2,FALSE) -> 2 | I70: =D70 -> Ampelocera sp | J70: =G70&" "&D70 -> 68 Ampelocera sp | K70: =E70 -> Ampeloceras | L70: =G70&" "&E70 -> 68 Ampeloceras | M70: Introducida | N70: Si | O70: Árbol | P70: Ampelocera
A71: LAURA RENGIFO | B71: Podas Sur | C71: 69 | D71: Amphitecna apiculata | E71: Jicarillo | F71: Bignoniaceae | G71: 69 | H71: =VLOOKUP(F71,'Generos y Familia'!$A$1:$C$623,2,FALSE) -> 20 | I71: =D71 -> Amphitecna apiculata | J71: =G71&" "&D71 -> 69 Amphitecna apiculata | K71: =E71 -> Jicarillo | L71: =G71&" "&E71 -> 69 Jicarillo | M71: Introducida | N71: No | O71: Árbol | P71: Amphitecna
A72: LAURA RENGIFO | B72: Podas Sur | C72: 70 | D72: Amphitecna isthmica | E72: Calabacillo (A otra sp de genero) | F72: Bignoniaceae | G72: 70 | H72: =VLOOKUP(F72,'Generos y Familia'!$A$1:$C$623,2,FALSE) -> 20 | I72: =D72 -> Amphitecna isthmica | J72: =G72&" "&D72 -> 70 Amphitecna isthmica | K72: =E72 -> Calabacillo (A otra sp de genero) | L72: =G72&" "&E72 -> 70 Calabacillo (A otra sp de genero) | M72: Nativa | N72: Si | O72: Árbol | P72: Amphitecna
A73: LAURA RENGIFO | B73: Podas Sur | C73: 71 | D73: Amphitecna latifolia | E73: Calabazo | F73: Bignoniaceae | G73: 71 | H73: =VLOOKUP(F73,'Generos y Familia'!$A$1:$C$623,2,FALSE) -> 20 | I73: =D73 -> Amphitecna latifolia | J73: =G73&" "&D73 -> 71 Amphitecna latifolia | K73: =E73 -> Calabazo | L73: =G73&" "&E73 -> 71 Calabazo | M73: Nativa | N73: Si | O73: Árbol | P73: Amphitecna | Q73: 10 | R73: (UEIA, 2014) | S73: 18 | T73: (UEIA, 2014) | U73: Media
A74: LAURA RENGIFO | B74: Podas Sur | C74: 72 | D74: Amphitecna sp | E74: Calabacillo; Totumito (A otra sp de genero) | F74: Bignoniaceae | G74: 72 | H74: =VLOOKUP(F74,'Generos y Familia'!$A$1:$C$623,2,FALSE) -> 20 | I74: =D74 -> Amphitecna sp | J74: =G74&" "&D74 -> 72 Amphitecna sp | K74: =E74 -> Calabacillo; Totumito (A otra sp de genero) | L74: =G74&" "&E74 -> 72 Calabacillo; Totumito (A otra sp de genero) | M74: Nativa | N74: Si | O74: Árbol | P74: Amphitecna
A75: LAURA RENGIFO | B75: Podas Sur | C75: 73 | D75: Anacardium excelsum | E75: Caracolí | F75: Anacardiaceae | G75: 73 | H75: =VLOOKUP(F75,'Generos y Familia'!$A$1:$C$623,2,FALSE) -> 7 | I75: =D75 -> Anacardium excelsum | J75: =G75&" "&D75 -> 73 Anacardium excelsum | K75: =E75 -> Caracolí | L75: =G75&" "&E75 -> 73 Caracolí | M75: Nativa | N75: Si | O75: Árbol | P75: Anacardium | Q75: 30 | R75: (UEIA, 2014) | S75: 300 | T75: (UEIA, 2014) | U75: Media | V75: 0.41
A76: LAURA RENGIFO | B76: Podas Sur | C76: 74 | D76: Anacardium occidentale | E76: Marañón | F76: Anacardiaceae | G76: 74 | H76: =VLOOKUP(F76,'Generos y Familia'!$A$1:$C$623,2,FALSE) -> 7 | I76: =D76 -> Anacardium occidentale | J76: =G76&" "&D76 -> 74 Anacardium occidentale | K76: =E76 -> Marañón | L76: =G76&" "&E76 -> 74 Marañón | M76: Nativa | N76: Si | O76: Árbol | P76: Anacardium | Q76: 10 | R76: (UEIA, 2014) | S76: 20 | T76: (UEIA, 2014) | U76: Media | V76: 0.45
A77: LAURA RENGIFO | B77: Podas Sur | C77: 75 | D77: Andira chigorodensis | E77: Andira Chigorodensis | F77: Fabaceae | G77: 75 | H77: =VLOOKUP(F77,'Generos y Familia'!$A$1:$C$623,2,FALSE) -> 27 | I77: =D77 -> Andira chigorodensis | J77: =G77&" "&D77 -> 75 Andira chigorodensis | K77: =E77 -> Andira Chigorodensis | L77: =G77&" "&E77 -> 75 Andira Chigorodensis | M77: Nativa | N77: Si | O77: Árbol | P77: Andira
A78: LAURA RENGIFO | B78: Podas Sur | C78: 76 | D78: Andira inermis | E78: Borombolo; Congo de Agua | F78: Fabaceae | G78: 76 | H78: =VLOOKUP(F78,'Generos y Familia'!$A$1:$C$623,2,FALSE) -> 27 | I78: =D78 -> Andira inermis | J78: =G78&" "&D78 -> 76 Andira inermis | K78: =E78 -> Borombolo; Congo de Agua | L78: =G78&" "&E78 -> 76 Borombolo; Congo de Agua | M78: Nativa | N78: Si | O78: Árbol | P78: Andira | Q78: 15 | R78: (UEIA, 2014) | S78: 60 | T78: (UEIA, 2014) | U78: Media | V78: 0.64
A79: LAURA RENGIFO | B79: Podas Sur | C79: 77 | D79: Andira sp | E79: Borombolo; Congo de Agua (sp) | F79: Fabaceae | G79: 77 | H79: =VLOOKUP(F79,'Generos y Familia'!$A$1:$C$623,2,FALSE) -> 27 | I79: =D79 -> Andira sp | J79: =G79&" "&D79 -> 77 Andira sp | K79: =E79 -> Borombolo; Congo de Agua (sp) | L79: =G79&" "&E79 -> 77 Borombolo; Congo de Agua (sp) | M79: Nativa | N79: Si | O79: Árbol | P79: Andira
A80: LAURA RENGIFO | B80: Podas Sur | C80: 78 | D80: Aniba riparia | E80: Comino Crespo (A otra sp de genero) | F80: Lauraceae | G80: 78 | H80: =VLOOKUP(F80,'Generos y Familia'!$A$1:$C$623,2,FALSE) -> 35 | I80: =D80 -> Aniba riparia | J80: =G80&" "&D80 -> 78 Aniba riparia | K80: =E80 -> Comino Crespo (A otra sp de genero) | L80: =G80&" "&E80 -> 78 Comino Crespo (A otra sp de genero) | M80: Nativa | N80: Si | O80: Árbol | P80: Aniba
A81: LAURA RENGIFO | B81: Podas Sur | C81: 79 | D81: Aniba coto | E81: Laurel | F81: Lauraceae | G81: 79 | H81: =VLOOKUP(F81,'Generos y Familia'!$A$1:$C$623,2,FALSE) -> 35 | I81: =D81 -> Aniba coto | J81: =G81&" "&D81 -> 79 Aniba coto | K81: =E81 -> Laurel | L81: =G81&" "&E81 -> 79 Laurel | M81: Nativa | N81: Si | O81: Árbol | P81: Aniba | Q81: 40 | R81: (UEIA & USFS, 2018) | S81: 60 | U81: Media | V81: 0,49-0,71 | X81: Densidad aproximada por género
A82: LAURA RENGIFO | B82: Podas Sur | C82: 80 | D82: Aniba muca | E82: Laurel Peque?O | F82: Lauraceae | G82: 80 | H82: =VLOOKUP(F82,'Generos y Familia'!$A$1:$C$623,2,FALSE) -> 35 | I82: =D82 -> Aniba muca | J82: =G82&" "&D82 -> 80 Aniba muca | K82: =E82 -> Laurel Peque?O | L82: =G82&" "&E82 -> 80 Laurel Peque?O | M82: Nativa | N82: Si | O82: Árbol | P82: Aniba
A83: LAURA RENGIFO | B83: Podas Sur | C83: 81 | D83: Aniba perutilis | E83: Comino | F83: Lauraceae | G83: 81 | H83: =VLOOKUP(F83,'Generos y Familia'!$A$1:$C$623,2,FALSE) -> 35 | I83: =D83 -> Aniba perutilis | J83: =G83&" "&D83 -> 81 Aniba perutilis | K83: =E83 -> Comino | L83: =G83&" "&E83 -> 81 Comino | M83: Nativa | N83: Si | O83: Árbol | P83: Aniba | Q83: 30 | R83: (UEIA, 2014) | S83: 60 | T83: (UEIA, 2014) | U83: Media | V83: 0,55 - 0,71
A84: LAURA RENGIFO | B84: Podas Sur | C84: 82 | D84: Aniba puchury-minor | E84: Laurel Uncibe | F84: Lauraceae | G84: 82 | H84: =VLOOKUP(F84,'Generos y Familia'!$A$1:$C$623,2,FALSE) -> 35 | I84: =D84 -> Aniba puchury-minor | J84: =G84&" "&D84 -> 82 Aniba puchury-minor | K84: =E84 -> Laurel Uncibe | L84: =G84&" "&E84 -> 82 Laurel Uncibe | M84: Nativa | N84: Si | O84: Árbol | P84: Aniba | Q84: 15 | R84: (UEIA & USFS, 2018) | U84: Lenta
A85: LAURA RENGIFO | B85: Podas Sur | C85: 83 | D85: Aniba sp | E85: Comino (sp) | F85: Lauraceae | G85: 83 | H85: =VLOOKUP(F85,'Generos y Familia'!$A$1:$C$623,2,FALSE) -> 35 | I85: =D85 -> Aniba sp | J85: =G85&" "&D85 -> 83 Aniba sp | K85: =E85 -> Comino (sp) | L85: =G85&" "&E85 -> 83 Comino (sp) | M85: Nativa | N85: Si | O85: Árbol | P85: Aniba | Q85: 30 | R85: (UEIA, 2014) | S85: 60 | T85: (UEIA, 2014) | U85: Media | V85: 0,49-0,71 | X85: Densidad aproximada por género
A86: LAURA RENGIFO | B86: Podas Sur | C86: 84 | D86: Annona acuminata | E86: Majagua | F86: Annonaceae | G86: 84 | H86: =VLOOKUP(F86,'Generos y Familia'!$A$1:$C$623,2,FALSE) -> 8 | I86: =D86 -> Annona acuminata | J86: =G86&" "&D86 -> 84 Annona acuminata | K86: =E86 -> Majagua | L86: =G86&" "&E86 -> 84 Majagua | M86: Nativa | N86: Si | O86: Árbol | P86: Annona | Q86: 7 | R86: (UEIA & USFS, 2018)
A87: LAURA RENGIFO | B87: Podas Sur | C87: 85 | D87: Annona cherimola | E87: Chirimoyo; Chirimoya; Anón de Monte; Chirimoya de Monte | F87: Annonaceae | G87: 85 | H87: =VLOOKUP(F87,'Generos y Familia'!$A$1:$C$623,2,FALSE) -> 8 | I87: =D87 -> Annona cherimola | J87: =G87&" "&D87 -> 85 Annona cherimola | K87: =E87 -> Chirimoyo; Chirimoya; Anón de Monte; Chirimoya de Monte | L87: =G87&" "&E87 -> 85 Chirimoyo; Chirimoya; Anón de Monte; Chirimoya de Monte | M87: Nativa | N87: Si | O87: Árbol | P87: Annona | Q87: 15 | R87: (UEIA & USFS, 2018) | S87: 50 | U87: Lenta | V87: 0.69 | W87: 100-200 | X87: Diámetro y/o altura aproximado por género
A88: LAURA RENGIFO | B88: Podas Sur | C88: 86 | D88: Annona glabra | E88: Guanabanilla | F88: Annonaceae | G88: 86 | H88: =VLOOKUP(F88,'Generos y Familia'!$A$1:$C$623,2,FALSE) -> 8 | I88: =D88 -> Annona glabra | J88: =G88&" "&D88 -> 86 Annona glabra | K88: =E88 -> Guanabanilla | L88: =G88&" "&E88 -> 86 Guanabanilla | M88: Nativa | N88: Si | O88: Arbusto | P88: Annona | Q88: 12 | R88: (UEIA, 2014) | S88: 20 | T88: (UEIA, 2014) | U88: Rápida | V88: 0.69 | W88: 70-150 | X88: Densidad aproximada por género
A89: LAURA RENGIFO | B89: Podas Sur | C89: 87 | D89: Annona montana | E89: Guanbana Cimarrona | F89: Annonaceae | G89: 87 | H89: =VLOOKUP(F89,'Generos y Familia'!$A$1:$C$623,2,FALSE) -> 8 | I89: =D89 -> Annona montana | J89: =G89&" "&D89 -> 87 Annona montana | K89: =E89 -> Guanbana Cimarrona | L89: =G89&" "&E89 -> 87 Guanbana Cimarrona | M89: Nativa | N89: Si | O89: Árbol | P89: Annona | Q89: 15 | R89: (UEIA & USFS, 2018)
A90: LAURA RENGIFO | B90: Podas Sur | C90: 88 | D90: Annona muricata | E90: Guanábano | F90: Annonaceae | G90: 88 | H90: =VLOOKUP(F90,'Generos y Familia'!$A$1:$C$623,2,FALSE) -> 8 | I90: =D90 -> Annona muricata | J90: =G90&" "&D90 -> 88 Annona muricata | K90: =E90 -> Guanábano | L90: =G90&" "&E90 -> 88 Guanábano | M90: Nativa | N90: Si | O90: Árbol | P90: Annona | Q90: 12 | R90: (UEIA, 2014) | S90: 20 | T90: (UEIA, 2014) | U90: Media | V90: 0.69 | W90: 195 | X90: Densidad aproximada por género
A91: LAURA RENGIFO | B91: Clus Cartago | C91: 89 | D91: Annona quinduensis | E91: Anon de Monte | F91: Annonaceae | G91: 89 | H91: =VLOOKUP(F91,'Generos y Familia'!$A$1:$C$623,2,FALSE) -> 8 | I91: =D91 -> Annona quinduensis | J91: =G91&" "&D91 -> 89 Annona quinduensis | K91: =E91 -> Anon de Monte | L91: =G91&" "&E91 -> 89 Anon de Monte | M91: Nativa | N91: Si | O91: Árbol | P91: Annona
A92: LAURA RENGIFO | B92: Podas Sur | C92: 90 | D92: Annona rensoniana | E92: Anon de Monte; Anon Rolinia; Majagua | F92: Annonaceae | G92: 90 | H92: =VLOOKUP(F92,'Generos y Familia'!$A$1:$C$623,2,FALSE) -> 8 | I92: =D92 -> Annona rensoniana | J92: =G92&" "&D92 -> 90 Annona rensoniana | K92: =E92 -> Anon de Monte; Anon Rolinia; Majagua | L92: =G92&" "&E92 -> 90 Anon de Monte; Anon Rolinia; Majagua | M92: Nativa | N92: Si | O92: Árbol | P92: Annona | Q92: 15 | R92: (UEIA & USFS, 2018)
A93: LAURA RENGIFO | B93: Podas Sur | C93: 91 | D93: Annona reticulata | E93: Chirimolla | F93: Annonaceae | G93: 91 | H93: =VLOOKUP(F93,'Generos y Familia'!$A$1:$C$623,2,FALSE) -> 8 | I93: =D93 -> Annona reticulata | J93: =G93&" "&D93 -> 91 Annona reticulata | K93: =E93 -> Chirimolla | L93: =G93&" "&E93 -> 91 Chirimolla | M93: Nativa | N93: Si | O93: Árbol | P93: Annona | Q93: 6 | R93: (UEIA & USFS, 2018) | U93: Media
A94: LAURA RENGIFO | B94: Clus Cartago | C94: 93 | D94: Annona squamosa | E94: Anon | F94: Annonaceae | G94: 93 | H94: =VLOOKUP(F94,'Generos y Familia'!$A$1:$C$623,2,FALSE) -> 8 | I94: =D94 -> Annona squamosa | J94: =G94&" "&D94 -> 93 Annona squamosa | K94: =E94 -> Anon | L94: =G94&" "&E94 -> 93 Anon | M94: Nativa | N94: Si | O94: Árbol | P94: Annona | Q94: 6 | R94: (UEIA & USFS, 2018) | U94: Media
A95: LAURA RENGIFO | B95: Podas Sur | C95: 94 | D95: Neolamarckia cadamba | E95: Laran; Cadamba | F95: Rubiaceae | G95: 94 | H95: =VLOOKUP(F95,'Generos y Familia'!$A$1:$C$623,2,FALSE) -> 79 | I95: =D95 -> Neolamarckia cadamba | J95: =G95&" "&D95 -> 94 Neolamarckia cadamba | K95: =E95 -> Laran; Cadamba | L95: =G95&" "&E95 -> 94 Laran; Cadamba | M95: Introducida | N95: No | O95: Árbol | P95: Neolamarckia
A96: LAURA RENGIFO | B96: Podas Sur | C96: 95 | D96: Apeiba glabra | E96: Peine de Mono | F96: Malvaceae | G96: 95 | H96: =VLOOKUP(F96,'Generos y Familia'!$A$1:$C$623,2,FALSE) -> 40 | I96: =D96 -> Apeiba glabra | J96: =G96&" "&D96 -> 95 Apeiba glabra | K96: =E96 -> Peine de Mono | L96: =G96&" "&E96 -> 95 Peine de Mono | M96: Nativa | N96: Si | O96: Árbol | P96: Apeiba | Q96: 35 | R96: (UEIA, 2014) | S96: 80 | T96: (UEIA, 2014) | U96: Rápida | V96: 0.4
A97: LAURA RENGIFO | B97: Podas Sur | C97: 96 | D97: Apeiba membranacea | E97: Peine de Mono | F97: Malvaceae | G97: 96 | H97: =VLOOKUP(F97,'Generos y Familia'!$A$1:$C$623,2,FALSE) -> 40 | I97: =D97 -> Apeiba membranacea | J97: =G97&" "&D97 -> 96 Apeiba membranacea | K97: =E97 -> Peine de Mono | L97: =G97&" "&E97 -> 96 Peine de Mono | M97: Nativa | N97: Si | O97: Árbol | P97: Apeiba | Q97: 35 | R97: (UEIA & USFS, 2018) | U97: Media
A98: LAURA RENGIFO | B98: Podas Sur | C98: 97 | D98: Apeiba tibourbou | E98: Peine de Mono (Tibourbou) | F98: Malvaceae | G98: 97 | H98: =VLOOKUP(F98,'Generos y Familia'!$A$1:$C$623,2,FALSE) -> 40 | I98: =D98 -> Apeiba tibourbou | J98: =G98&" "&D98 -> 97 Apeiba tibourbou | K98: =E98 -> Peine de Mono (Tibourbou) | L98: =G98&" "&E98 -> 97 Peine de Mono (Tibourbou) | M98: Nativa | N98: Si | O98: Árbol | P98: Apeiba
A99: LAURA RENGIFO | B99: Podas Sur | C99: 98 | D99: Aphelandra crenata | E99: Cola de Gallo | F99: Acanthaceae | G99: 98 | H99: =VLOOKUP(F99,'Generos y Familia'!$A$1:$C$623,2,FALSE) -> 1 | I99: =D99 -> Aphelandra crenata | J99: =G99&" "&D99 -> 98 Aphelandra crenata | K99: =E99 -> Cola de Gallo | L99: =G99&" "&E99 -> 98 Cola de Gallo | M99: Nativa | N99: Si | O99: Árbol | P99: Aphelandra
A100: LAURA RENGIFO | B100: Podas Sur | C100: 99 | D100: Aralia chinensis | E100: Árbol de Angélica China; Dimorphanthus | F100: Araliaceae | G100: 99 | H100: =VLOOKUP(F100,'Generos y Familia'!$A$1:$C$623,2,FALSE) -> 12 | I100: =D100 -> Aralia chinensis | J100: =G100&" "&D100 -> 99 Aralia chinensis | K100: =E100 -> Árbol de Angélica China; Dimorphanthus | L100: =G100&" "&E100 -> 99 Árbol de Angélica China; Dimorphanthus | M100: Introducida | N100: Si | O100: Árbol | P100: Aralia
...

Sheet Registros retirados
A1: # Eliminados | C1: Motivo | D1: Nuevos #
A2: 1312 | B2: Acacia amarilla | C2: cambio por | D2: 197
A3: 367 | B3: Cordyline Terminalis | C3: cambio por | D3: 430
A4: 1066 | C4: eliminado x duplicación
A5: 313 | B5: citrus x limon | C5: cambiado por | D5: 1178
A6: 92 | C6: eliminado x duplicación
A7: 1066 | C7: eliminado x duplicación
A8: 1278 | C8: eliminado x duplicación
A9: 741 | C9: cambio por | D9: 1218
A10: 1176 | B10: Callistemon speciosus | C10: Cambio por | D10: 215
A11: 1260 | C11: eliminado x duplicación
A12: 1312 | C12: eliminado x duplicación
A13: 1318 | C13: eliminado x duplicación

Sheet Paulina
A1: Nombre Científico corregido | B1: Nombre común | C1: Familia | D1: Origen | E1: ¿Hay reportes en Colombia? | F1: Hábito
A2: Abatia parviflora | B2: Duraznillo; Chirlobirlo; Sacaojos colorado | C2: Salicaceae | D2: Nativa | E2: Si | F2: Árbol
A3: Annona sp. | B3: Anón | C3: Annonaceae | D3: Nativa | E3: Si | F3: Árbol
A5: Araucaria heterophylla | B5: Araucaria; Araucaria real | C5: Araucariaceae | D5: Introducida | E5: Si | F5: Árbol
A7: Baccharis sp. | B7: Chilco | C7: Asteraceae | D7: Nativa | E7: Si | F7: Arbusto
A8: Bambusa sp. | B8: Bambú | C8: Poaceae | D8: Introducida | E8: Si | F8: Bambú y guaduas
A9: Bejaria aestuans | B9: Carbonero de monte; Pegamosco | C9: Ericaceae | D9: Nativa | E9: Si | F9: Árbol
A10: Bocconia frutescens | B10: Trompeto; Curador | C10: Papaveraceae | D10: Nativa | E10: Si | F10: Arbusto
A11: Bougainvillea sp. | B11: Veranera; Curazao | C11: Nyctaginaceae | D11: Introducida | E11: Si | F11: Arbusto
A12: Bougainvillea spectabilis | B12: Veranera; Curazao | C12: Nyctaginaceae | D12: Introducida | E12: Si | F12: Arbusto
A13: Brugmansia candida | B13: Borrachero; Borrachero blanco | C13: Solanaceae | D13: Nativa | E13: Si | F13: Arbusto
A14: Brunellia sp. | B14: Cedrillo | C14: Brunelliaceae
A15: Brunfelsia australis | B15: Francesino; Jazmín de Malabar | C15: Solanaceae | D15: Introducida | E15: Si | F15: Arbusto
A17: Caesalpinia pluviosa | B17: Acacia amarilla | C17: Fabaceae | D17: Introducida | E17: Si | F17: Árbol
A18: Callistemon speciosus | B18: Escobillón rojo | C18: Myrtaceae | D18: Introducida | E18: Si | F18: Árbol
A19: Casimiroa edulis | B19: Mango matasano | C19: Rutaceae | D19: Introducida | E19: Si | F19: Árbol
A20: Cassia sp. | B20: Cañafístula; Acacia | C20: Fabaceae | D20: Nativa | E20: Si | F20: Árbol
A21: Citrus limon | B21: Limón; Limón dulce | C21: Rutaceae | D21: Introducida | E21: Si | F21: Arbusto
A22: Citrus maxima | B22: Toronja; Toronjo; Pomelo; Pamplemusa | C22: Rutaceae | D22: Introducida | E22: Si | F22: Arbusto
A23: Clethra fagifolia | B23: Chiriguaco; Cargagua; Ahuyamo | C23: Clethraceae | D23: Nativa | E23: Si | F23: Árbol
A24: Clusia ducuoides | B24: Chagualo; Chagualito | C24: Clusiaceae | D24: Nativa | E24: Si | F24: Árbol
A25: Clusia trochiformis | B25: Chagualo | C25: Clusiaceae | D25: Nativa | E25: Si | F25: Arbusto
A26: Coffea sp. | B26: Café; Cafeto | C26: Rubiaceae
A27: Crotalaria micans | B27: Cascabelito; Guache; Chucho | C27: Fabaceae | D27: Introducida | E27: Si | F27: Arbusto
A28: Cupressus macrocarpa | B28: Ciprés; Pino; Pino limon | C28: Cupressaceae | D28: Introducida | E28: Si | F28: Árbol
A29: Cycas sp. | B29: Palma cica; Cyca; Cica; Palma de sagú | C29: Cycadaceae | D29: Introducida | E29: Si | F29: Palma
A30: Daphnopsis caracasana | B30: Guasco; Granado; Mote | C30: Thymelaeaceae | D30: Nativa | E30: Si | F30: Arbusto
A31: Dombeya cayeuxii | B31: Dombeya | C31: Malvaceae | D31: Introducida | E31: Si | F31: Arbusto
A32: Drimys granadensis | B32: Canelo de páramo; Ají de páramo; Canelo | C32: Winteraceae | D32: Nativa | E32: Si | F32: Árbol
A33: Duranta erecta | B33: Adonis; Totocal; Totocá; Espino | C33: Verbenaceae | D33: Nativa | E33: Si | F33: Arbusto
A34: Duranta sp. | B34: Duranta | C34: Verbenaceae
A35: Erythrina costaricensis | B35: Chocho; Gachingo; Secó | C35: Fabaceae | D35: Nativa | E35: Si | F35: Árbol
A36: Escallonia paniculata | B36: Chilco colorado; Chilco; Carbón; Tíbar | C36: Escalloniaceae | D36: Nativa | E36: Si | F36: Árbol
A37: Eugenia sp. | B37: Eugenia; Grosello | C37: Myrtaceae
A39: Ficus cyathistipula | B39: Ficus bomba | C39: Moraceae | D39: Introducida | E39: Si | F39: Arbusto
A40: Ficus brevibracteata | B40: Caucho; Higuerón | C40: Moraceae | D40: Nativa | E40: Si | F40: Árbol
A41: Freziera sp. | B41: Cerezo de monte | C41: Pentaphylacaceae
A42: Furcraea sp. | B42: Fique | C42: Asparagaceae
A43: Furcraea andina | B43: Fique; Cabuya; Maguey | C43: Asparagaceae | D43: Nativa | E43: Si | F43: Roseta
A44: Geissanthus kalbreyeri | B44: Colorado; Cucharo | C44: Myrsinaceae | D44: Nativa | E44: Si | F44: Árbol
A45: Godoya antioquiensis | B45: Caunce; Floramarillo | C45: Ochnaceae | D45: Nativa | E45: Si | F45: Árbol
A46: Guatteria goudotiana | B46: Cargadero; Cargadera; Garrapato | C46: Annonaceae | D46: Nativa | E46: Si | F46: Árbol
A47: Helicostylis tovarensis | B47: Lechero | C47: Moraceae | D47: Nativa | E47: Si | F47: Árbol
A48: Heliocarpus americanus | B48: Balso blanco; Balso; Pestaña de mula | C48: Malvaceae | D48: Nativa | E48: Si | F48: Árbol
A49: Heliocarpus sp. | B49: Majagua | C49: Malvaceae
A50: Hieronyma antioquensis | B50: Candelo; Motilon | C50: Phyllanthaceae | D50: Nativa | E50: Si | F50: Árbol
A51: Ilex danielis | B51: Cardenillo | C51: Aquifoliaceae | D51: Introducida | E51: Si | F51: Arbusto
A52: Ilex laurina | B52: Cardenillo; Piedro; Algodón | C52: Aquifoliaceae | D52: Introducida | E52: Si | F52: Arbusto
A53: Inga capitata | B53: Guamo; Churimo; Barbasco | C53: Fabaceae | D53: Nativa | E53: Si | F53: Árbol
A54: Inga punctata | B54: Guamo; Guama; Guabo; Churimo de orilla, | C54: Fabaceae | D54: Nativa | E54: Si | F54: Árbol
A55: Inga marginata | B55: Guamo churimo; Guamo; Guamo cazamuelas; Brijolito | C55: Fabaceae | D55: Nativa | E55: Si | F55: Árbol
A56: Juniperus sp. | B56: Pino azul | C56: Cupressaceae
A57: Juniperus squamata | B57: Pino San Jose | C57: Cupressaceae | D57: Introducida | E57: Si | F57: Árbol
A59: Leucaena sp. | B59: Leucaena; Acacia blanca; Panelo; Carbonero Blanco | C59: Fabaceae
A60: Magnolia polyhypsophylla | B60: Almanegra; Bolenillo | C60: Magnoliaceae | D60: Endemica | E60: Si | F60: Árbol
A62: Matayba elegans | B62: Guacharaco; Patepaujil; Joropo; Bálsamo | C62: Sapindaceae | D62: Nativa | E62: Si | F62: Árbol
A63: Mauria heterophylla | B63: Sarno; Manguito; Caspi; Palo de sarno | C63: Anacardiaceae | D63: Nativa | E63: Si | F63: Árbol
A64: Miconia sp. | B64: Niguito; Esmeraldo; Tuno; Mortiño | C64: Melastomataceae
A65: Melissa officinalis | B65: Toronjil | C65: Lamiaceae | D65: Introducida | E65: Si | F65: Arbusto
A66: Miconia lehmannii | B66: Niguito; Morochillo; Mortiño; Granizo | C66: Melastomataceae | D66: Nativa | E66: Si | F66: Arbusto
A67: Miconia notabilis | B67: Mortiño blanco; Mortiño; Florentino; Huesito | C67: Melastomataceae | D67: Nativa | E67: Si | F67: Arbusto
A68: Monnina solandrifolia | B68: Rúchica | C68: Polygalaceae | D68: Nativa | E68: Si | F68: Arbusto
A69: Monnina speciosa | B69: Monina | C69: Polygalaceae | D69: Nativa | E69: Si | F69: Arbusto
A70: Morus alba | B70: Morera; Mora | C70: Moraceae | D70: Introducida | E70: Si | F70: Árbol
A71: Myrcianthes leucoxyla | B71: Arrayán grande; Arrayán; Guayabito; Guayabito liso | C71: Myrtaceae | D71: Nativa | E71: Si | F71: Árbol
A72: Myrcianthes rhopaloides | B72: Arrayán negro; Almanegra; Chiso; Chisa | C72: Myrtaceae | D72: Nativa | E72: Si | F72: Árbol
A73: Myrsine sp. | B73: Cucharo; Espadero; Cucharo Blanco; Chagualo; Garrocho | C73: Primulaceae
A75: Nectandra reticulata | B75: Jigua laurel; Guacharaco; Laurel; Jigua negro; Laurel amarillo | C75: Lauraceae | D75: Nativa | E75: Si | F75: Árbol
A76: Nectandra laurel | B76: Laurel; Amargo; Laurel amarillo; Laurel llanero | C76: Lauraceae | D76: Nativa | E76: Si | F76: Árbol
A77: Oreopanax bogotensis | B77: Mano de oso; Amarillo; Higuerón, Higuerillo | C77: Araliaceae | D77: Nativa | E77: Si | F77: Árbol
A78: Oreopanax incisus | B78: Mano de oso; Guache; Candelero; Pata de gallina | C78: Araliaceae | D78: Nativa | E78: Si | F78: Árbol
A80: Phoenix canariensis | B80: Datilera de las canarias; Palma de dátil de las canarias; Palma fénix | C80: Arecaceae | D80: Introducida | E80: Si | F80: Palma
A81: Pinus oocarpa | B81: Pino ocarpa; Ocote chino; Pino | C81: Pinaceae | D81: Introducida | E81: Si | F81: Árbol
A82: Pinus maximinoi | B82: Pino maximinoi | C82: Pinaceae | D82: Introducida | E82: Si | F82: Árbol
A83: Pinus sp. | B83: Pino | C83: Pinaceae
A84: Piptocoma discolor | B84: Gallinazo; Cenizo; Cacique | C84: Asteraceae | D84: Nativa | E84: Si | F84: Árbol
A86: Prunus muris | B86: Ciruelo; Ciruela | C86: Rosaceae | D86: Nativa | E86: Si | F86: Árbol
A87: Psidium cattleianum | B87: Guayaba argelina; Guayaba peruana; Guayabito agrio | C87: Myrtaceae | D87: Introducida | E87: Si | F87: Arbusto
A88: Pyracantha angustifolia | B88: Piracanto; Coralito | C88: Rosaceae | D88: Introducida | E88: Si | F88: Arbusto
A89: Pyracantha sp, | B89: Coralito; Holly; Mortiño | C89: Rosaceae
A90: Pittosporum undulatum | B90: Laurel huesito; Galán de noche; Jazmín del cabo | C90: Pittosporaceae | D90: Introducida | E90: Si | F90: Árbol
A91: Annona cherimola | B91: Chirimoyo; Chirimoya; Anón de monte; Chirimoya de monte | C91: Annonaceae | D91: Nativa | E91: Si | F91: Árbol
A92: Frangula sphaerosperma | B92: Cabo de hacha | C92: Rhamnaceae | D92: Nativa | E92: Si | F92: Arbusto
A94: Rosmarinus officinalis | B94: Romero; Romero común | C94: Lamiaceae | D94: Introducida | E94: Si | F94: Arbusto
A95: Roupala monosperma | B95: Carnefiambre; Jigracaspi; Azufre; Carafiambre; Carneasao; Fiambre | C95: Proteaceae | D95: Nativa | E95: Si | F95: Árbol
A97: Salacia sp. | B97: Cabuyo | C97: Celastraceae
A99: Sapium stylare | B99: Lechero; Caucho; Murillo, Mantequilla, Mantequillo; Lechudo | C99: Euphorbiaceae | D99: Nativa | E99: Si | F99: Árbol
A101: Saurauia ursina | B101: Dulumoco; Lulumoco; Dulomoco; Moco; Moquillo; Aguanoso | C101: Actinidiaceae | D101: Nativa | E101: Si | F101: Arbusto
A102: Schefflera sp. | B102: Cheflera; Yuco | C102: Araliaceae
A103: Schinus terebinthifolia | B103: Falso pimiento; Pimiento; Terebinto; Pimineto negro | C103: Anacardiaceae | D103: Nativa | E103: Si | F103: Arbusto
A105: Solanum rudepannum | B105: Sacalaestaca; Sacaestaca; Friegaplatos, Limpiaplato; Mancatigre | C105: Solanaceae | D105: Nativa | E105: Si | F105: Arbusto
A106: Turpinia occidentalis | B106: Mantequillo; Almendro | C106: Staphyleaceae | D106: Nativa | E106: Si | F106: Árbol
A107: Syzygium paniculatum | B107: Eugenia; Eugenio | C107: Myrtaceae | D107: Introducida | E107: Si | F107: Árbol
A108: Terminalia sp. | B108: Terminalia; Almendro | C108: Combretaceae
A109: Platycladus orientalis | B109: Tuya; Pino libro; Pino tuya | C109: Cupressaceae | D109: Introducida | E109: Si | F109: Árbol
A110: Tournefortia fuliginosa | B110: Verdenegro; Guásimo | C110: Boraginaceae | D110: Nativa | E110: Si | F110: Arbusto
A111: Tournefortia scabrida | B111: Guácimo blanco | C111: Boraginaceae | D111: Nativa | E111: Si | F111: Arbusto
A112: Tournefortia sp. | B112: Guasco | C112: Boraginaceae
A113: Turpinia occidentalis | B113: Mantequillo; Almendro | C113: Staphyleaceae | D113: Nativa | E113: Si | F113: Árbol
A114: Vasconcellea pubescens | B114: Papayuela; Papayuelo | C114: Caricaceae | D114: Nativa | E114: Si | F114: Arbusto
...

Sheet RN
A1: Archontophoenix cunninghamiana | B1: 2712
A2: Lafoensia acuminata | B2: 1116
A3: Syzygium paniculata | B3: 943
A4: Psidium guajava | B4: 573
A5: Spathodea campanulata | B5: 561
A6: Handroanthus chrysanthus | B6: 494
A7: Cupressus sempervirens | B7: 454
A8: Hibiscus rosa-sinensis | B8: 448
A9: Eucalyptus grandis | B9: 445
A10: Fraxinus udhei | B10: 420
A11: Persea americana | B11: 394
A12: Yucca gigantea | B12: 366
... A440: Camelia sp. | B440: 1

Sheet Tablas

Sheet Nombres cientificos con #
A1: 00 Indeterminado
A2: 1 Abarema jupunba
A3: 2 Abarema sp
A4: 3 Abelmoschus moschatus
A5: 4 Abutilon insigne
A6: 5 Abutilon pictum
A7: 6 Abutilon sp
A8: 7 Acacia angustissima
A9: 8 Acacia baileyana
A10: 9 Acacia caven
A11: 10 Acacia decurrens
A12: 11 Acacia farnesiana
... A1301: 1326 Theobroma speciosum

Sheet Nombres comunes con #
A1: 00 Indeterminado
A2: 1 Frijolillo; Rayo; Guacamayo Blanco; Carbonero; Arenillo de Monte Chocho
A3: 2 Abarema
A4: 3 Hibisco
A5: 4 Abutilon
A6: 5 Faroolito Japones
A7: 6 Abutilon
A8: 7 Dormilón
A9: 8 Acacia (Baileyana)
A10: 9 Aromo
A11: 10 Acacia Roja (Decurrens)
A12: 11 Acacia de Desierto; Acacia Farnesiana
... A1301: 1326 Cacao silvestre; Cacao de Monte

Sheet Generos y Familia
A1: Familia | B1: Número de Familia | C1: Género | F1: Familia | G1: Genero | I1: Familia | K1: Genero | M1: Familia | N1: _# de Familia | P1: # y familia | R1: # y género
A2: Acanthaceae | B2: 1 | C2: Aphelandra | F2: Acanthaceae | I2: Acanthaceae | K2: Abarema | M2: Acanthaceae | N2: 1 | P2: =N2&". "&M2 -> 1. Acanthaceae | R2: =B2&". "&C2 -> 1. Aphelandra
A3: Acanthaceae | B3: 1 | C3: Asystasia | G3: Aphelandra | I3: Achatocarpaceae | K3: Abatia | M3: Achatocarpaceae | N3: 2 | P3: =N3&". "&M3 -> 2. Achatocarpaceae | R3: =B3&". "&C3 -> 1. Asystasia
A4: Acanthaceae | B4: 1 | C4: Dianthera | G4: Asystasia | I4: Actinidiaceae | K4: Abelmoschus | M4: Actinidiaceae | N4: 3 | P4: =N4&". "&M4 -> 3. Actinidiaceae | R4: =B4&". "&C4 -> 1. Dianthera
A5: Acanthaceae | B5: 1 | C5: Graptophyllum | G5: Dianthera | I5: Adoxaceae | K5: Abutilon | M5: Adoxaceae | N5: 4 | P5: =N5&". "&M5 -> 4. Adoxaceae | R5: =B5&". "&C5 -> 1. Graptophyllum
A6: Acanthaceae | B6: 1 | C6: Justicia | G6: Graptophyllum | I6: Altingiaceae | K6: Acacia | M6: Altingiaceae | N6: 5 | P6: =N6&". "&M6 -> 5. Altingiaceae | R6: =B6&". "&C6 -> 1. Justicia
A7: Acanthaceae | B7: 1 | C7: Megaskepasma | G7: Justicia | I7: Amaranthaceae | K7: Acalypha | M7: Amaranthaceae | N7: 6 | P7: =N7&". "&M7 -> 6. Amaranthaceae | R7: =B7&". "&C7 -> 1. Megaskepasma
A8: Acanthaceae | B8: 1 | C8: Pachystachys | G8: Megaskepasma | I8: Amaryllidaceae | K8: Acca | M8: Amaryllidaceae | N8: 7 | P8: =N8&". "&M8 -> 7. Amaryllidaceae | R8: =B8&". "&C8 -> 1. Pachystachys
A9: Acanthaceae | B9: 1 | C9: Pseuderanthemum | G9: Pachystachys | I9: Anacardiaceae | K9: Achatocarpus | M9: Anacardiaceae | N9: 7 | P9: =N9&". "&M9 -> 7. Anacardiaceae | R9: =B9&". "&C9 -> 1. Pseuderanthemum
A10: Acanthaceae | B10: 1 | C10: Ruellia | G10: Pseuderanthemum | I10: Annonaceae | K10: Achyranthes | M10: Annonaceae | N10: 8 | P10: =N10&". "&M10 -> 8. Annonaceae | R10: =B10&". "&C10 -> 1. Ruellia
A11: Acanthaceae | B11: 1 | C11: Sanchezia | G11: Ruellia | I11: Apocynaceae | K11: Acnistus | M11: Apocynaceae | N11: 9 | P11: =N11&". "&M11 -> 9. Apocynaceae | R11: =B11&". "&C11 -> 1. Sanchezia
A12: Acanthaceae | B12: 1 | C12: Thunbergia | G12: Sanchezia | I12: Aquifoliaceae | K12: Acosmium | M12: Aquifoliaceae | N12: 10 | P12: =N12&". "&M12 -> 10. Aquifoliaceae | R12: =B12&". "&C12 -> 1. Thunbergia
A13: Acanthaceae | B13: 1 | C13: Trichanthera | G13: Thunbergia | I13: Araceae | K13: Acrocarpus | M13: Araceae | N13: 11 | P13: =N13&". "&M13 -> 11. Araceae | R13: =B13&". "&C13 -> 1. Trichanthera
A14: Achatocarpaceae | B14: 2 | C14: Achatocarpus | G14: Trichanthera | I14: Araliaceae | K14: Acrocomia | M14: Araliaceae | N14: 12 | P14: =N14&". "&M14 -> 12. Araliaceae | R14: =B14&". "&C14 -> 2. Achatocarpus
A15: Actinidiaceae | B15: 3 | C15: Saurauia | F15: Achatocarpaceae | I15: Araucariaceae | K15: Adenanthera | M15: Araucariaceae | N15: 13 | P15: =N15&". "&M15 -> 13. Araucariaceae | R15: =B15&". "&C15 -> 3. Saurauia
A16: Adoxaceae | B16: 4 | C16: Sambucus | G16: Achatocarpus | I16: Arecaceae | K16: Adenaria | M16: Arecaceae | N16: 14 | P16: =N16&". "&M16 -> 14. Arecaceae | R16: =B16&". "&C16 -> 4. Sambucus
A17: Adoxaceae | B17: 4 | C17: Viburnum | F17: Actinidiaceae | I17: Asparagaceae | K17: Adonidia | M17: Asparagaceae | N17: 15 | P17: =N17&". "&M17 -> 15. Asparagaceae | R17: =B17&". "&C17 -> 4. Viburnum
A18: Altingiaceae | B18: 5 | C18: Liquidambar | G18: Saurauia | I18: Asphodelaceae | K18: Aegiceras | M18: Asphodelaceae | N18: 16 | P18: =N18&". "&M18 -> 16. Asphodelaceae | R18: =B18&". "&C18 -> 5. Liquidambar
A19: Amaranthaceae | B19: 6 | C19: Achyranthes | F19: Adoxaceae | I19: Asteraceae | K19: Aegiphila | M19: Asteraceae | N19: 17 | P19: =N19&". "&M19 -> 17. Asteraceae | R19: =B19&". "&C19 -> 6. Achyranthes
A20: Amaranthaceae | B20: 6 | C20: Alternanthera | G20: Sambucus | I20: Begoniaceae | K20: Agave | M20: Begoniaceae | N20: 18 | P20: =N20&". "&M20 -> 18. Begoniaceae | R20: =B20&". "&C20 -> 6. Alternanthera
A21: Amaranthaceae | B21: 6 | C21: Amaranthus | G21: Viburnum | I21: Betulaceae | K21: Ailanthus | M21: Betulaceae | N21: 19 | P21: =N21&". "&M21 -> 19. Betulaceae | R21: =B21&". "&C21 -> 6. Amaranthus
A22: Amaranthaceae | B22: 6 | C22: Aralia | F22: Altingiaceae | I22: Bignoniaceae | K22: Aiouea | M22: Bignoniaceae | N22: 20 | P22: =N22&". "&M22 -> 20. Bignoniaceae | R22: =B22&". "&C22 -> 6. Aralia
A23: Amaranthaceae | B23: 6 | C23: Pleuropetalum | G23: Liquidambar | I23: Bixaceae | K23: Aiphanes | M23: Bixaceae | N23: 21 | P23: =N23&". "&M23 -> 21. Bixaceae | R23: =B23&". "&C23 -> 6. Pleuropetalum
A24: Amaryllidaceae | B24: 7 | C24: Galanthus | F24: Amaranthaceae | I24: Boraginaceae | K24: Albizia | M24: Boraginaceae | N24: 22 | P24: =N24&". "&M24 -> 22. Boraginaceae | R24: =B24&". "&C24 -> 7. Galanthus
A25: Anacardiaceae | B25: 7 | C25: Anacardium | G25: Achyranthes | I25: Brunelliaceae | K25: Alchornea | M25: Brunelliaceae | N25: 23 | P25: =N25&". "&M25 -> 23. Brunelliaceae | R25: =B25&". "&C25 -> 7. Anacardium
A26: Anacardiaceae | B26: 7 | C26: Astronium | G26: Alternanthera | I26: Burseraceae | K26: Aleurites | M26: Burseraceae | N26: 24 | P26: =N26&". "&M26 -> 24. Burseraceae | R26: =B26&". "&C26 -> 7. Astronium
A27: Anacardiaceae | B27: 7 | C27: Mangifera | G27: Amaranthus | I27: Buxaceae | K27: Alfaroa | M27: Buxaceae | N27: 25 | P27: =N27&". "&M27 -> 25. Buxaceae | R27: =B27&". "&C27 -> 7. Mangifera
A28: Anacardiaceae | B28: 7 | C28: Mauria | G28: Aralia | I28: Cactaceae | K28: Alibertia | M28: Cactaceae | N28: 26 | P28: =N28&". "&M28 -> 26. Cactaceae | R28: =B28&". "&C28 -> 7. Mauria
A29: Anacardiaceae | B29: 7 | C29: Ozoroa | G29: Pleuropetalum | I29: Calophyllaceae | K29: Allamanda | M29: Calophyllaceae | N29: 27 | P29: =N29&". "&M29 -> 27. Calophyllaceae | R29: =B29&". "&C29 -> 7. Ozoroa
A30: Anacardiaceae | B30: 7 | C30: Rhus | F30: Amaryllidaceae | I30: Cannabaceae | K30: Allophylus | M30: Cannabaceae | N30: 28 | P30: =N30&". "&M30 -> 28. Cannabaceae | R30: =B30&". "&C30 -> 7. Rhus
A31: Anacardiaceae | B31: 7 | C31: Schinus | G31: Galanthus | I31: Capparaceae | K31: Alnus | M31: Capparaceae | N31: 29 | P31: =N31&". "&M31 -> 29. Capparaceae | R31: =B31&". "&C31 -> 7. Schinus
A32: Anacardiaceae | B32: 7 | C32: Spondias | F32: Anacardiaceae | I32: Caprifoliaceae | K32: Aloe | M32: Caprifoliaceae | N32: 30 | P32: =N32&". "&M32 -> 30. Caprifoliaceae | R32: =B32&". "&C32 -> 7. Spondias
A33: Anacardiaceae | B33: 7 | C33: Tapirira | G33: Anacardium | I33: Caricaceae | K33: Aloysia | M33: Caricaceae | N33: 31 | P33: =N33&". "&M33 -> 31. Caricaceae | R33: =B33&". "&C33 -> 7. Tapirira
A34: Anacardiaceae | B34: 7 | C34: Toxicodendron | G34: Astronium | I34: Caryocaraceae | K34: Alpinia | M34: Caryocaraceae | N34: 32 | P34: =N34&". "&M34 -> 32. Caryocaraceae | R34: =B34&". "&C34 -> 7. Toxicodendron
A35: Annonaceae | B35: 8 | C35: Annona | G35: Mangifera | I35: Casuarinaceae | K35: Alstonia | M35: Casuarinaceae | N35: 33 | P35: =N35&". "&M35 -> 33. Casuarinaceae | R35: =B35&". "&C35 -> 8. Annona
A36: Annonaceae | B36: 8 | C36: Cananga | G36: Mauria | I36: Celastraceae | K36: Alternanthera | M36: Celastraceae | N36: 34 | P36: =N36&". "&M36 -> 34. Celastraceae | R36: =B36&". "&C36 -> 8. Cananga
A37: Annonaceae | B37: 8 | C37: Guatteria | G37: Ozoroa | I37: Chrysobalanaceae | K37: Amaranthus | M37: Chrysobalanaceae | N37: 35 | P37: =N37&". "&M37 -> 35. Chrysobalanaceae | R37: =B37&". "&C37 -> 8. Guatteria
A38: Annonaceae | B38: 8 | C38: Monoon | G38: Rhus | I38: Clethraceae | K38: Amherstia | M38: Clethraceae | N38: 36 | P38: =N38&". "&M38 -> 36. Clethraceae | R38: =B38&". "&C38 -> 8. Monoon
A39: Annonaceae | B39: 8 | C39: Rollinia | G39: Schinus | I39: Clusiaceae | K39: Ampelocera | M39: Clusiaceae | N39: 37 | P39: =N39&". "&M39 -> 37. Clusiaceae | R39: =B39&". "&C39 -> 8. Rollinia
A40: Annonaceae | B40: 8 | C40: Salicaceae | G40: Spondias | I40: Cochlospermaceae | K40: Amphitecna | M40: Cochlospermaceae | N40: 38 | P40: =N40&". "&M40 -> 38. Cochlospermaceae | R40: =B40&". "&C40 -> 8. Salicaceae
A41: Annonaceae | B41: 8 | C41: Xylopia | G41: Tapirira | I41: Combretaceae | K41: Anacardium | M41: Combretaceae | N41: 39 | P41: =N41&". "&M41 -> 39. Combretaceae | R41: =B41&". "&C41 -> 8. Xylopia
A42: Apocynaceae | B42: 9 | C42: Allamanda | G42: Toxicodendron | I42: Commelinaceae | K42: Andira | M42: Commelinaceae | N42: 40 | P42: =N42&". "&M42 -> 40. Commelinaceae | R42: =B42&". "&C42 -> 9. Allamanda
A43: Apocynaceae | B43: 9 | C43: Alstonia | F43: Annonaceae | I43: Convolvulaceae | K43: Aniba | M43: Convolvulaceae | N43: 41 | P43: =N43&". "&M43 -> 41. Convolvulaceae | R43: =B43&". "&C43 -> 9. Alstonia
A44: Apocynaceae | B44: 9 | C44: Apocynaceae | G44: Annona | I44: Coriariaceae | K44: Annona | M44: Coriariaceae | N44: 42 | P44: =N44&". "&M44 -> 42. Coriariaceae | R44: =B44&". "&C44 -> 9. Apocynaceae
A45: Apocynaceae | B45: 9 | C45: Asclepias | G45: Cananga | I45: Costaceae | K45: Apeiba | M45: Costaceae | N45: 43 | P45: =N45&". "&M45 -> 43. Costaceae | R45: =B45&". "&C45 -> 9. Asclepias
A46: Apocynaceae | B46: 9 | C46: Aspidosperma | G46: Guatteria | I46: Cunoniaceae | K46: Aphelandra | M46: Cunoniaceae | N46: 44 | P46: =N46&". "&M46 -> 44. Cunoniaceae | R46: =B46&". "&C46 -> 9. Aspidosperma
A47: Apocynaceae | B47: 9 | C47: Carissa | G47: Monoon | I47: Cupressaceae | K47: Apocynaceae | M47: Cupressaceae | N47: 45 | P47: =N47&". "&M47 -> 45. Cupressaceae | R47: =B47&". "&C47 -> 9. Carissa
A48: Apocynaceae | B48: 9 | C48: Cascabela | G48: Rollinia | I48: Cyatheaceae | K48: Aralia | M48: Cyatheaceae | N48: 46 | P48: =N48&". "&M48 -> 46. Cyatheaceae | R48: =B48&". "&C48 -> 9. Cascabela
A49: Apocynaceae | B49: 9 | C49: Himatanthus | G49: Salicaceae | I49: Cycadaceae | K49: Araucaria | M49: Cycadaceae | N49: 47 | P49: =N49&". "&M49 -> 47. Cycadaceae | R49: =B49&". "&C49 -> 9. Himatanthus
A50: Apocynaceae | B50: 9 | C50: Lacmellea | G50: Xylopia | I50: Cyclantaceae | K50: Archontophoenix | M50: Cyclantaceae | N50: 48 | P50: =N50&". "&M50 -> 48. Cyclantaceae | R50: =B50&". "&C50 -> 9. Lacmellea
A51: Apocynaceae | B51: 9 | C51: Nerium | F51: Apocynaceae | I51: Cyperaceae | K51: Ardisia | M51: Cyperaceae | N51: 49 | P51: =N51&". "&M51 -> 49. Cyperaceae | R51: =B51&". "&C51 -> 9. Nerium
A52: Apocynaceae | B52: 9 | C52: Plumeria | G52: Allamanda | I52: Dicksoniaceae | K52: Areca | M52: Dicksoniaceae | N52: 50 | P52: =N52&". "&M52 -> 50. Dicksoniaceae | R52: =B52&". "&C52 -> 9. Plumeria
A53: Apocynaceae | B53: 9 | C53: Stemmadenia | G53: Alstonia | I53: Dileniacea | K53: Arenga | M53: Dileniacea | N53: 51 | P53: =N53&". "&M53 -> 51. Dileniacea | R53: =B53&". "&C53 -> 9. Stemmadenia
A54: Apocynaceae | B54: 9 | C54: Tabernaemontana | G54: Apocynaceae | I54: Ebenaceae | K54: Artemisia | M54: Ebenaceae | N54: 21 | P54: =N54&". "&M54 -> 21. Ebenaceae | R54: =B54&". "&C54 -> 9. Tabernaemontana
A55: Apocynaceae | B55: 9 | C55: Thevetia | G55: Asclepias | I55: Elaeocarpaceae | K55: Artocarpus | M55: Elaeocarpaceae | N55: 22 | P55: =N55&". "&M55 -> 22. Elaeocarpaceae | R55: =B55&". "&C55 -> 9. Thevetia
A56: Aquifoliaceae | B56: 10 | C56: Ilex | G56: Aspidosperma | I56: Ericaceae | K56: Asclepias | M56: Ericaceae | N56: 23 | P56: =N56&". "&M56 -> 23. Ericaceae | R56: =B56&". "&C56 -> 10. Ilex
A57: Araceae | B57: 11 | C57: Philodendron | G57: Carissa | I57: Erythroxylaceae | K57: Asparagus | M57: Erythroxylaceae | N57: 24 | P57: =N57&". "&M57 -> 24. Erythroxylaceae | R57: =B57&". "&C57 -> 11. Philodendron
A58: Araliaceae | B58: 12 | C58: Alfaroa | G58: Cascabela | I58: Escalloniaceae | K58: Aspidosperma | M58: Escalloniaceae | N58: 25 | P58: =N58&". "&M58 -> 25. Escalloniaceae | R58: =B58&". "&C58 -> 12. Alfaroa
A59: Araliaceae | B59: 12 | C59: Dendropanax | G59: Himatanthus | I59: Euphorbiaceae | K59: Asteraceae | M59: Euphorbiaceae | N59: 26 | P59: =N59&". "&M59 -> 26. Euphorbiaceae | R59: =B59&". "&C59 -> 12. Dendropanax
A60: Araliaceae | B60: 12 | C60: Heptapleurum | G60: Lacmellea | I60: Fabaceae | K60: Astrocaryum | M60: Fabaceae | N60: 27 | P60: =N60&". "&M60 -> 27. Fabaceae | R60: =B60&". "&C60 -> 12. Heptapleurum
A61: Araliaceae | B61: 12 | C61: Oreopanax | G61: Nerium | I61: Fabaceae sp. | K61: Astronium | M61: Fabaceae sp. | N61: 27 | P61: =N61&". "&M61 -> 27. Fabaceae sp. | R61: =B61&". "&C61 -> 12. Oreopanax
A62: Araliaceae | B62: 12 | C62: Plerandra | G62: Plumeria | I62: Fagaceae | K62: Asystasia | M62: Fagaceae | N62: 28 | P62: =N62&". "&M62 -> 28. Fagaceae | R62: =B62&". "&C62 -> 12. Plerandra
A63: Araliaceae | B63: 12 | C63: Polyscias | G63: Stemmadenia | I63: Garryaceae | K63: Attalea | M63: Garryaceae | N63: 29 | P63: =N63&". "&M63 -> 29. Garryaceae | R63: =B63&". "&C63 -> 12. Polyscias
... A65: Araliaceae | B65: 12 | C65: Tetrapanax | G65: Thevetia | I65: Hypericaceae | K65: Averrhoa | M65: Hypericaceae | N65: 31 | P65: =N65&". "&M65 -> 31. Hypericaceae | R65: =B65&". "&C65 -> 12. Tetrapanax
A66: Araucariaceae | B66: 13 | C66: Araucaria | F66: Aquifoliaceae | I66: Juglandaceae | K66: Azadirachta | M66: Juglandaceae | N66: 32 | P66: =N66&". "&M66 -> 32. Juglandaceae | R66: =B66&". "&C66 -> 13. Araucaria
A67: Arecaceae | B67: 14 | C67: Acrocomia | G67: Ilex | I67: Lacistemataceae | K67: Baccharis | M67: Lacistemataceae | N67: 33 | P67: =N67&". "&M67 -> 33. Lacistemataceae | R67: =B67&". "&C67 -> 14. Acrocomia
A68: Arecaceae | B68: 14 | C68: Adonidia | F68: Araceae | I68: Lamiaceae | K68: Bactris | M68: Lamiaceae | N68: 34 | P68: =N68&". "&M68 -> 34. Lamiaceae | R68: =B68&". "&C68 -> 14. Adonidia
A69: Arecaceae | B69: 14 | C69: Aiphanes | G69: Philodendron | I69: Lauraceae | K69: Bambusa | M69: Lauraceae | N69: 35 | P69: =N69&". "&M69 -> 35. Lauraceae | R69: =B69&". "&C69 -> 14. Aiphanes
A70: Arecaceae | B70: 14 | C70: Archontophoenix | F70: Araliaceae | I70: Lauraceae sp. | K70: Bauhinia | M70: Lauraceae sp. | N70: 35 | P70: =N70&". "&M70 -> 35. Lauraceae sp. | R70: =B70&". "&C70 -> 14. Archontophoenix
A71: Arecaceae | B71: 14 | C71: Areca | G71: Alfaroa | I71: Lecythidaceae | K71: Beaucarnea | M71: Lecythidaceae | N71: 36 | P71: =N71&". "&M71 -> 36. Lecythidaceae | R71: =B71&". "&C71 -> 14. Areca
A72: Arecaceae | B72: 14 | C72: Arenga | G72: Dendropanax | I72: Lythraceae | K72: Begonia | M72: Lythraceae | N72: 37 | P72: =N72&". "&M72 -> 37. Lythraceae | R72: =B72&". "&C72 -> 14. Arenga
A73: Arecaceae | B73: 14 | C73: Astrocaryum | G73: Heptapleurum | I73: Magnoliaceae | K73: Beilschmiedia | M73: Magnoliaceae | N73: 38 | P73: =N73&". "&M73 -> 38. Magnoliaceae | R73: =B73&". "&C73 -> 14. Astrocaryum
A74: Arecaceae | B74: 14 | C74: Attalea | G74: Oreopanax | I74: Malpighiaceae | K74: Bejaria | M74: Malpighiaceae | N74: 39 | P74: =N74&". "&M74 -> 39. Malpighiaceae | R74: =B74&". "&C74 -> 14. Attalea
A75: Arecaceae | B75: 14 | C75: Bactris | G75: Plerandra | I75: Malvaceae | K75: Bellucia | M75: Malvaceae | N75: 40 | P75: =N75&". "&M75 -> 40. Malvaceae | R75: =B75&". "&C75 -> 14. Bactris
A76: Arecaceae | B76: 14 | C76: Bismarckia | G76: Polyscias | I76: Melastomataceae | K76: Bergera | M76: Melastomataceae | N76: 41 | P76: =N76&". "&M76 -> 41. Melastomataceae | R76: =B76&". "&C76 -> 14. Bismarckia
A77: Arecaceae | B77: 14 | C77: Brassiophoenix | G77: Schefflera | I77: Meliaceae | K77: Billia | M77: Meliaceae | N77: 42 | P77: =N77&". "&M77 -> 42. Meliaceae | R77: =B77&". "&C77 -> 14. Brassiophoenix
A78: Arecaceae | B78: 14 | C78: Caryota | G78: Tetrapanax | I78: Moraceae | K78: Bischofia | M78: Moraceae | N78: 43 | P78: =N78&". "&M78 -> 43. Moraceae | R78: =B78&". "&C78 -> 14. Caryota
A79: Arecaceae | B79: 14 | C79: Ceroxylon | F79: Araucariaceae | I79: Moringaceae | K79: Bismarckia | M79: Moringaceae | N79: 44 | P79: =N79&". "&M79 -> 44. Moringaceae | R79: =B79&". "&C79 -> 14. Ceroxylon
A80: Arecaceae | B80: 14 | C80: Chamaedorea | G80: Araucaria | I80: Muntingiaceae | K80: Bixa | M80: Muntingiaceae | N80: 45 | P80: =N80&". "&M80 -> 45. Muntingiaceae | R80: =B80&". "&C80 -> 14. Chamaedorea
A81: Arecaceae | B81: 14 | C81: Chambeyronia | F81: Arecaceae | I81: Myricaceae | K81: Blighia | M81: Myricaceae | N81: 46 | P81: =N81&". "&M81 -> 46. Myricaceae | R81: =B81&". "&C81 -> 14. Chambeyronia
A82: Arecaceae | B82: 14 | C82: Chelyocarpus | G82: Acrocomia | I82: Myristicaceae | K82: Bocconia | M82: Myristicaceae | N82: 47 | P82: =N82&". "&M82 -> 47. Myristicaceae | R82: =B82&". "&C82 -> 14. Chelyocarpus
A83: Arecaceae | B83: 14 | C83: Coccothrinax | G83: Adonidia | I83: Myrsinaceae | K83: Boehmeria | M83: Myrsinaceae | N83: 48 | P83: =N83&". "&M83 -> 48. Myrsinaceae | R83: =B83&". "&C83 -> 14. Coccothrinax
A84: Arecaceae | B84: 14 | C84: Cocos | G84: Aiphanes | I84: Myrtaceae | K84: Bombax | M84: Myrtaceae | N84: 49 | P84: =N84&". "&M84 -> 49. Myrtaceae | R84: =B84&". "&C84 -> 14. Cocos
A85: Arecaceae | B85: 14 | C85: Cryosophila | G85: Archontophoenix | I85: Myrtaceae sp. | K85: Bougainvillea | M85: Myrtaceae sp. | N85: 49 | P85: =N85&". "&M85 -> 49. Myrtaceae sp. | R85: =B85&". "&C85 -> 14. Cryosophila
A86: Arecaceae | B86: 14 | C86: Cyrtostachys | G86: Areca | I86: Nyctaginaceae | K86: Brachylaena | M86: Nyctaginaceae | N86: 50 | P86: =N86&". "&M86 -> 50. Nyctaginaceae | R86: =B86&". "&C86 -> 14. Cyrtostachys
A87: Arecaceae | B87: 14 | C87: Dictyocaryum | G87: Arenga | I87: Ochnaceae | K87: Brasiliopuntia | M87: Ochnaceae | N87: 51 | P87: =N87&". "&M87 -> 51. Ochnaceae | R87: =B87&". "&C87 -> 14. Dictyocaryum
A88: Arecaceae | B88: 14 | C88: Dypsis | G88: Astrocaryum | I88: Olacaceae | K88: Brassiophoenix | M88: Olacaceae | N88: 52 | P88: =N88&". "&M88 -> 52. Olacaceae | R88: =B88&". "&C88 -> 14. Dypsis
A89: Arecaceae | B89: 14 | C89: Elaeis | G89: Attalea | I89: Oleaceae | K89: Breonia | M89: Oleaceae | N89: 53 | P89: =N89&". "&M89 -> 53. Oleaceae | R89: =B89&". "&C89 -> 14. Elaeis
A90: Arecaceae | B90: 14 | C90: Euterpe | G90: Bactris | I90: Onagraceae | K90: Breynia | M90: Onagraceae | N90: 54 | P90: =N90&". "&M90 -> 54. Onagraceae | R90: =B90&". "&C90 -> 14. Euterpe
A91: Arecaceae | B91: 14 | C91: Geonoma | G91: Bismarckia | I91: Orobanchaceae | K91: Brosimum | M91: Orobanchaceae | N91: 55 | P91: =N91&". "&M91 -> 55. Orobanchaceae | R91: =B91&". "&C91 -> 14. Geonoma
A92: Arecaceae | B92: 14 | C92: Howea | G92: Brassiophoenix | I92: Oxalidaceae | K92: Broussonetia | M92: Oxalidaceae | N92: 56 | P92: =N92&". "&M92 -> 56. Oxalidaceae | R92: =B92&". "&C92 -> 14. Howea
A93: Arecaceae | B93: 14 | C93: Hyophorbe | G93: Caryota | I93: Pandanaceae | K93: Brownea | M93: Pandanaceae | N93: 57 | P93: =N93&". "&M93 -> 57. Pandanaceae | R93: =B93&". "&C93 -> 14. Hyophorbe
... A139: Asteraceae | B139: 17 | C139: Clibadium | G139: Wodyetia | I139: Vochysiaceae | K139: Celastrus | M139: Vochysiaceae | N139: 98 | P139: =N139&". "&M139 -> 98. Vochysiaceae | R139: =B139&". "&C139 -> 17. Clibadium
A140: Asteraceae | B140: 17 | C140: Dahlia | F140: Asparagaceae | I140: Winteraceae | K140: Cenostigma | M140: Winteraceae | N140: 99 | P140: =N140&". "&M140 -> 99. Winteraceae | R140: =B140&". "&C140 -> 17. Dahlia
A141: Asteraceae | B141: 17 | C141: Mikania | G141: Agave | I141: Zamiaceae | K141: Centrolobium | M141: Zamiaceae | N141: 100 | P141: =N141&". "&M141 -> 100. Zamiaceae | R141: =B141&". "&C141 -> 17. Mikania
A142: Asteraceae | B142: 17 | C142: Montanoa | G142: Asparagus | I142: Zingiberaceae | K142: Ceratozamia | M142: Zingiberaceae | N142: 101 | P142: =N142&". "&M142 -> 101. Zingiberaceae | R142: =B142&". "&C142 -> 17. Montanoa
A143: Asteraceae | B143: 17 | C143: Neurolaena | G143: Beaucarnea | I143: Zygophyllaceae | K143: Cereus | M143: Zygophyllaceae | N143: 102 | P143: =N143&". "&M143 -> 102. Zygophyllaceae | R143: =B143&". "&C143 -> 17. Neurolaena
A144: Asteraceae | B144: 17 | C144: Perymenium | G144: Cordyline | I144: Total general | K144: Ceroxylon | R144: =B144&". "&C144 -> 17. Perymenium
A145: Asteraceae | B145: 17 | C145: Piptocoma | G145: Dracaena | K145: Cespedesia | R145: =B145&". "&C145 -> 17. Piptocoma
A146: Asteraceae | B146: 17 | C146: Tessaria | G146: Papaveraceae | K146: Cestrum | R146: =B146&". "&C146 -> 17. Tessaria
...

Sheet Validación
C2: Definiciones usadas en Savia Servicios SAS ESP.
C3: Hábitos de crecimiento | D3: Definición
C4: Arbusto | D4: Plantas leñosas con múltiples tallos que generalmente son más cortos que los árboles. Hasta 5 metros de altura
C5: Árbol | D5: Plantas leñosas con un solo tallo principal o tronco que generalmente crece verticalmente y tiene ramificaciones superiores.
C6: Palma | D6: Palnta que crece a partir de uno o varios tallos con una corona de hojas agrupadas en el extremo del tallo. Se pueden incluir familias como Arecaceae, Cycadaceae y Asparagaceae
C7: Epífita | D7: Plantas que crecen sobre otras plantas, usualmente en árboles, sin ser parásitas, obtienen sus nutrientes del aire y de materia orgánica acumulada.
C8: Hierba | D8: Plantas herbáceas con tallos suaves y flexibles, generalmente de porte bajo y con ciclos de vida cortos.
C9: Trepadora | D9: Plantas que no pueden mantenerse erguidas por sí mismas y se apoyan en otras estructuras para crecer verticalmente.
C10: Roseta | D10: Plantas con hojas dispuestas en una forma circular alrededor de una base central.
C11: Saprófita | D11: Plantas que obtienen su nutrición de la materia orgánica muerta en descomposición en el suelo.
C12: Hemiparásita | D12: Plantas que obtienen parte de sus nutrientes a través de la conexión con las raíces de otras plantas, pero aún son capaces de realizar fotosíntesis.
C13: Parasita | D13: Plantas que obtienen todos sus nutrientes de otras plantas a través de conexiones especializadas, a menudo perjudicando a su hospedador.
C14: Flotante | D14: Plantas que crecen sobre la superficie del agua sin estar arraigadas en el suelo.
... C20: Hidrófita | D20: Plantas adaptadas a ambientes acuáticos o sumergidos.
C21: Bambú y guaduas
C22: No definido
C24: Origen
C25: Nativa | D25: Colombia, región del norte de sur America y Centro america
C26: Introducida | D26: Que colombia no está dentro de su zona de distribución natural
C27: Endemica | D27: Exclusiva de la región
C28: No definido
C29: Proyecto
C30: Otro
C31: Podas Sur
C32: Podas Cartago
C33: Podas Rionegro

Sheet Fuente de consulta
B2: Nombres científicos | C2: Nombres comunes
A3: Herbario | B3: http://www.biovirtual.unal.edu.co/es/colecciones/search/plants/ | C3: http://www.biovirtual.unal.edu.co/nombrescomunes/es/
A4: Taxones internacionales | B4: https://wfoplantlist.org/ | C4: https://catalogofloravalleaburra.eia.edu.co/species/scientific-name
A5: Distribución en Colombia | B5: https://biodiversidad.co/data/?taxonKey=2735935 | C5: https://catalogoarbolesurbanos.eia.edu.co/
B9: Si
B10: No
B11: No definible
A36: (UEIA, 2014) | B36: UEIA. (2014). Catálogo virtual de flora de Alta Montaña. Grupo de Investigación, Sostenibilidad, Infraestructura y Territorio (SITE). https://catalogofloraaltamontana.eia.edu.co/species/250
A38: (UEIA, 2014) | B38: UEIA. (2014). Catálogo virtual de flora del Valle del Aburra. Grupo de Investigación, Sostenibilidad, Infraestructura y Territorio (SITE). https://catalogofloraaltamontana.eia.edu.co/species/250
A40: (UEIA & USFS, 2018) | B40: UEIA & USFS. (2018). Catálogo de árboles urbanos de Colombia.
A41: (Benedetti, 2012) | B41: Benedetti, S. (2012). Monografía de Espino Acacia caven (Mol.)Mol. Programa de invenstigación de productos forestales.Instituto Forestal. Chile.
A43: (NaturalisCO, 2024)
B44: Rodríguez Bonet, Sergio, Chaparro Aguilera, Laura, Benítez Villalba, Julio, Villalba, Domitila, Arévalos Rotela, Laura, & Benítez Franco, Rossana. (2020). Caracterización fisicoquímica de la pulpa y almendra de Acrocomia aculeata. Investigación Agraria, 22(1), 46-52. Epub June 00, 2020.https://doi.org/10.18004/investig.agrar.2020.junio.46-52
A48: (Catálogo de la Biodiversidad, 2024) | B48: https://catalogo.biodiversidad.co/file/56d0c6343c16479905cba835/summary
A49: (iNaturalistEc, 2024)
A50: (Varón & Morales, 2014) | B50: Varón, T. Morales, L. (2014). Arboretum y Palmetum, guía de identificación. Universidad Nacional de Colombia.
